HUNDRED_BLOCK,LATITUDE,LONGITUDE
49XX CARTIER ST,49.241300,-123.136907
13XX HORNBY ST,49.277215, -123.129708
6XX MAIN ST,49.279459,-123.099720
3XX WATER ST,49.283961,-123.107280
1XX ABBOTT ST,49.284344,-123.106188
20XX MACDONALD ST,49.268366,-123.168297
19XX E 37TH AVE,49.236665,-123.067176
5XX W 14TH AVE,49.258727,-123.115160
17XX COLUMBIA ST,49.270238,-123.109395
16XX KINGSWAY AVE,49.247957,-123.071243
20XX TRAFALGAR ST,49.268337,-123.164526
56XX MAIN ST,49.234464,-123.101555
24XX E HASTINGS ST,49.281157,-123.056401
10XX BURNABY ST,49.278450,-123.130358
10XX GRANVILLE ST,49.279230,-123.123104
10XX SW MARINE DR,49.204299,-123.130862
8XX E HASTINGS ST,49.281103,-123.087018
10XX HARWOOD ST,49.277751,-123.131414
34XX MONS DR,49.251930,-123.031062
13XX VERNON DR,49.273082,-123.078643
1XX E HASTINGS ST,49.281374,-123.102133
17XX POWELL ST,49.283845,-123.070214
8XX GRANVILLE ST,49.281069,-123.119703
4XX E 11TH AVE,49.260684,-123.096189
54XX BAILLIE ST,49.236592,-123.122245
16XX COMOX ST,49.286574,-123.136464
41XX MAIN ST,49.248733,-123.101026
29XX VIRTUAL WAY,49.261023,-123.044010
1XX WATER ST,49.283867,-123.106536
7XX THURLOW ST,49.285609,-123.123277
9XX CLARK DR,49.276737,-123.077167
29XX GRANVILLE ST,49.205941,-123.140641
21XX W 4TH AVE,49.268151,-123.152906
14XX KINGSWAY AVE,49.250125,-123.076278
4XX SE MARINE DR,49.210309,-123.097125
15XX CHARLES ST,49.273063,-123.073256
3XX W 42ND AVE,49.232501,-123.115416
1XX DAVIE ST,49.273113,-123.120020
13XX W 71ST AVE,49.206995,-123.136104
7XX BURRARD ST,49.284416,-123.121085
37XX W 6TH AVE,49.266902,-123.185870
4XX W 41ST AVE,49.233424,-123.114215
29XX MAIN ST,49.259001,-123.101029
10XX SALSBURY DR,49.275698,-123.067540
25XX NANAIMO ST,49.240868,-123.058637
15XX E 6TH AVE,49.265027,-123.073210
21XX W 44TH AVE,49.231866,-123.156465
2XX ROBSON ST,49.278217,-123.114990
22XX KINGSWAY AVE,49.243591,-123.061931
28XX CLARK DR,49.260122,-123.077417
26XX W 50TH AVE,49.225828,-123.137357
3XX E BROADWAY AVE,49.262845,-123.099096
23XX W 2ND AVE,49.269961,-123.157317
10XX W 12TH AVE,49.260535,-123.126622
2XX BURRARD ST,49.287663,-123.115200
1XX E PENDER ST,49.280172,-123.102144
10XX BURRARD ST,49.279857,-123.126606
14XX NANTON AVE,49.247389,-123.136548
16XX W 3RD AVE,49.268851,-123.140691
3XX ABBOTT ST,49.282948,-123.106734
80XX LABURNUM ST,49.213222,-123.150459
66XX MARINE CRES,49.226196,-123.163807
41XX NANAIMO ST,49.240935,-123.058622
1XX KEEFER PL,49.279805,-123.108260
11XX MAIN ST,49.272417,-123.099937
35XX W 41ST AVE,49.234751,-123.182152
52XX JOYCE ST,49.237434,-123.032586
30XX NANAIMO ST,49.256717,-123.056529
36XX VICTORIA DR,49.252939,-123.066245
13XX ROBSON ST,49.287092,-123.129270
26XX RUPERT ST,49.261120,-123.033639
8XX CAMBIE ST,49.278149,-123.115018
11XX SEYMOUR ST,49.277518,-123.123691
21XX W 3RD AVE,49.268757,-123.153187
1XX W PENDER ST,49.281093,-123.107610
11XX ROBSON ST,49.284711,-123.125263
63XX FRASER ST,49.227390,-123.090685
7XX W PENDER ST,49.284763,-123.115383
22XX W BROADWAY AVE,49.263857,-123.155461
36XX W BROADWAY AVE,49.264333,-123.183889
11XX GRANVILLE ST,49.277731,-123.124643
5XX RICHARDS ST,49.283025,-123.113408
10XX HOWE ST,49.279849,-123.124092
20XX W BROADWAY AVE,49.263741,-123.150955
35XX KINGSWAY AVE,49.231979,-123.029302
17XX MANITOBA ST,49.270392,-123.106724
51XX VICTORIA DR,49.238101,-123.065369
5XX SEYMOUR ST,49.283660,-123.114382
35XX E 11TH AVE,49.260094,-123.053090
32XX MAIN ST,49.256535,-123.101219
11XX NELSON ST,49.282423,-123.127919
31XX E 54TH AVE,49.220177,-123.041406
22XX NANAIMO ST,49.264811,-123.056581
23XX W 10TH AVE,49.262955,-123.157917
19XX E 49TH AVE,49.225179,-123.067388
33XX MAIN ST,49.255730,-123.101256
21XX FRANKLIN ST,49.282076,-123.061591
15XX STANLEY PARK DR,49.298003,-123.125170
7XX STANLEY PARK DR,49.297084,-123.134263
18XX E PENDER ST,49.280271,-123.068277
10XX BEACH AVE,49.275783,-123.133854
22XX YORK AVE,49.271571,-123.155235
8XX EXPO BLVD,49.276409,-123.114003
14XX COMMERCIAL DR,49.272107,-123.069538
13XX W 8TH AVE,49.264422,-123.133810
2XX SMITHE ST,49.277157,-123.116551
2XX GRANVILLE ST,49.286812,-123.112389
13XX BURNABY ST,49.282138,-123.136080
2XX W 2ND AVE,49.266677,-123.114627
1XX E 16TH AVE,49.256594,-123.103140
8XX W 15TH AVE,49.257845,-123.133974
16XX W 1ST AVE,49.271079,-123.141022
43XX DUNBAR ST,49.248089,-123.185200
27XX E 41ST AVE,49.232796,-123.051854
9XX HORNBY ST,49.281578,-123.123382
22XX W 4TH AVE,49.267900,-123.155343
2XX ALEXANDER ST,49.284083,-123.099423
17XX W 11TH AVE,49.261790,-123.143583
35XX FRASER ST,49.253681,-123.089961
23XX W 41ST AVE,49.234648,-123.160012
3XX GORE AVE,49.281774,-123.097523
1XX W HASTINGS ST,49.282015,-123.107326
17XX ONTARIO ST,49.271509,-123.104568
17XX ADANAC ST,49.277579,-123.070617
56XX GRANVILLE ST,49.205895,-123.140643
8XX E PENDER ST,49.280140,-123.087062
2XX KEEFER ST,49.279469,-123.099700
20XX NELSON ST,49.291293,-123.141580
10XX ROBSON ST,49.283351,-123.123314
6XX SW MARINE DR,49.209652,-123.118096
21XX COMMISSIONER ST,49.292128,-123.053826
14XX FRANCES ST,49.279451,-123.075794
25XX QUEBEC ST,49.262968,-123.102933
40XX KNIGHT ST,49.249637,-123.075996
5XX W PENDER ST,49.283387,-123.112894
1XX E CORDOVA ST,49.282225,-123.102115
57XX WEST BLVD,49.232208,-123.155672
3XX W PENDER ST,49.282159,-123.111013
13XX COMOX ST,49.284149,-123.132737
9XX COOPERAGE WAY,49.274303,-123.113013
12XX DAVIE ST,49.281832,-123.133441
13XX FOUNTAIN WAY,49.267245,-123.133490
54XX WEST BLVD,49.232208,-123.155672
18XX E HASTINGS ST,49.281144,-123.068375
57XX BALACLAVA ST,49.233708,-123.175765
8XX GRIFFITHS WAY,49.277933,-123.108842
80XX YUKON ST,49.245154,-123.112332
3XX ALEXANDER ST,49.284052,-123.097737
21XX W 15TH AVE,49.258200,-123.153124
17XX FRANCES ST,49.279410,-123.070556
19XX BARCLAY ST,49.291131,-123.139214
16XX NELSON ST,49.287393,-123.135567
11XX HOWE ST,49.278799,-123.125676
9XX SEYMOUR ST,49.279399,-123.120431
26XX WATSON ST,49.261953,-123.100319
39XX MAIN ST,49.250156,-123.100830
45XX SLOCAN ST,49.244670,-123.049663
13XX CONTINENTAL ST,49.275984,-123.128807
17XX ROBSON ST,49.290404,-123.133802
36XX W 4TH AVE,49.268598,-123.183724
10XX GILFORD ST,49.289687,-123.141209
28XX KINGSWAY AVE,49.236975,-123.047555
10XX W GEORGIA ST,49.284481,-123.121213
1XX W 6TH AVE,49.265605,-123.106867
22XX MAPLE ST,49.266535,-123.150389
11XX MELVILLE ST,49.286726,-123.122941
15XX E 3RD AVE,49.267823,-123.073292
11XX W PENDER ST,49.287556,-123.120566
9XX W 12TH AVE,49.260445,-123.124916
11XX KINGSWAY AVE,49.252986,-123.081903
32XX W 4TH AVE,49.268458,-123.175656
5XX E HASTINGS ST,49.281218,-123.093321
4XX RAILWAY ST,49.284844,-123.095364
24XX W 3RD AVE,49.269134,-123.159750
26XX COMMERCIAL DR,49.261327,-123.069762
28XX ARBUTUS ST,49.261020,-123.153028
57XX VICTORIA DR,49.232708,-123.065518
6XX ABBOTT ST,49.279686,-123.107581
45XX W 10TH AVE,49.263817,-123.209139
8XX W GEORGIA ST,49.283129,-123.119132
37XX CYPRESS ST,49.252823,-123.148521
14XX E 8TH AVE,49.263309,-123.076866
88XX HUDSON ST,49.205628,-123.134671
15XX W 11TH AVE,49.261708,-123.138750
56XX YEW ST,49.235646,-123.158485
24XX TRINITY ST,49.289667,-123.049320
22XX E 40TH AVE,49.233885,-123.061952
6XX W KING EDWARD AVE,49.248960,-123.118527
7XX HORNBY ST,49.283705,-123.120163
5XX W 29TH AVE,49.245187,-123.116677
25XX E BROADWAY AVE,49.261819,-123.053141
7XX E GEORGIA ST,49.278394,-123.089526
11XX GILFORD ST,49.289353,-123.141723
43XX ATLIN ST,49.246190,-123.045824
36XX VANNESS AVE,49.236290,-123.027674
31XX W 15TH AVE,49.258747,-123.174290
44XX ATLIN ST,49.245234,-123.045847
28XX E 27TH AVE,49.246248,-123.037522
26XX W BROADWAY AVE,49.264019,-123.164743
87XX SW MARINE DR,49.206989,-123.142218
2XX MAIN ST,49.283147,-123.099555
73XX REBEKAH DR,49.217935,-123.038326
16XX W 13TH AVE,49.259872,-123.141280
4XX W GEORGIA ST,49.280914,-123.115731
57XX MAIN ST,49.233044,-123.101495
6XX SEYMOUR ST,49.282923,-123.115501
10XX E 57TH AVE,49.218164,-123.085327
CAMBIE ST / W 10TH AVE,49.262261,-123.114853
12XX HOMER ST,49.275190,-123.123334
5XX POWELL ST,49.283089,-123.093240
3XX HEATLEY AVE,49.282100,-123.089472
7XX CHILCO ST,49.293774,-123.137396
33XX E BROADWAY AVE,49.261824,-123.034872
33XX E 8TH AVE,49.262912,-123.034608
44XX VICTORIA DR,49.246028,-123.065172
4XX BROUGHTON ST,49.289981,-123.126771
32XX E 58TH AVE,49.217181,-123.039535
19XX ADANAC ST,49.277506,-123.065743
7XX MAIN ST,49.278470,-123.099581
13XX KINGSWAY AVE,49.251080,-123.078003
4XX W HASTINGS ST,49.283420,-123.110995
10XX KINGSWAY AVE,49.253871,-123.083807
33XX W 11TH AVE,49.262428,-123.177798
15XX E 8TH AVE,49.263027,-123.072930
2XX E HASTINGS ST,49.281209,-123.032273
66XX DUMFRIES ST,49.224292,-123.074539
17XX E 56TH AVE,49.219011,-123.071866
64XX VICTORIA DR,49.226258,-123.065683
24XX MAIN ST,49.263703,-123.100846
5XX DUNSMUIR ST,49.282355,-123.114490
E 16TH AVE / MAIN ST,49.256580,-123.101236
1XX PRINCESS AVE,49.283047,-123.091379
11XX W BROADWAY AVE,49.263386,-123.128995
8XX DENMAN ST,49.291863,-123.134863
15XX ADANAC ST,49.277601,-123.074337
HOMER ST / W GEORGIA ST,49.280589,-123.115214
E HASTINGS ST / GORE AVE,49.281298,-123.097476
6XX KEEFER ST,49.279333,-123.091441
2XX E GEORGIA ST,49.278551,-123.098926
DUNSMUIR ST / RICHARDS ST,49.282366,-123.114473
15XX W 7TH AVE,49.265343,-123.138542
GRANVILLE ST / W 10TH AVE,49.262633,-123.138599
18XX SPYGLASS PL,49.270721,-123.114968
19XX W 57TH AVE,49.219452,-123.149627
29XX KASLO ST,49.257062,-123.047039
E BROADWAY AVE / MAIN ST,49.262920,-123.100906
6XX HELMCKEN ST,49.277854,-123.124086
34XX W 8TH AVE,49.265143,-123.179921
87XX SELKIRK ST,49.230491,-123.133449
10XX NICOLA ST,49.286582,-123.134291
4XX SEYMOUR ST,49.284628,-123.112917
3XX W 18TH AVE,49.254787,-123.111173
11XX W HASTINGS ST,49.287947,-123.119771
10XX ALBERNI ST,49.284065,-123.121830
7XX W GEORGIA ST,49.282843,-123.119061
3XX SE MARINE DR,49.207666,-123.046684
3XX W CORDOVA ST,49.283556,-123.109195
14XX E HASTINGS ST,49.281227,-123.075360
36XX TRIUMPH ST,49.283856,-123.025784
12XX BURNABY ST,49.281130,-123.134517
11XX HORNBY ST,49.279412,-123.126638
5XX MOBERLY RD,49.267802,-123.117507
81XX MAIN ST,49.212391,-123.102104
DUNLEVY AVE / E CORDOVA ST,49.282204,-123.095344
9XX DAVIE ST,49.278434,-123.128195
2XX E CORDOVA ST,49.282278,-123.099740
57XX COLLINGWOOD ST,49.234792,-123.182003
3XX JACKSON AVE,49.282133,-123.093344
45XX CLANCY LORANGER WAY,49.243448,-123.108105
5XX GRANVILLE ST,49.284335,-123.114883
15XX W 8TH AVE,49.264484,-123.138688
4XX DUNSMUIR ST,49.281712,-123.113502
31XX W 14TH AVE,49.259631,-123.174062
12XX W HASTINGS ST,49.288827,-123.122870
6XX W GEORGIA ST,49.281625,-123.116271
7XX PACIFIC BLVD,49.276626,-123.109302
24XX WALL ST,49.290734,-123.056413
14XX CHESTNUT ST,49.273519,-123.146285
4XX CARRALL ST,49.281444,-123.104318
36XX COMMERCIAL ST,49.252555,-123.067996
1XX W CORDOVA ST,49.282965,-123.106893
34XX YARDLEY AVE,49.240368,-123.032354
8XX W 12TH AVE,49.260493,-123.121933
3XX E 10TH AVE,49.261978,-123.098464
25XX KINGSWAY AVE,49.240215,-123.054678
8XX PACIFIC ST,49.276050,-123.130989
11XX WINDERMERE ST,49.274965,-123.036347
11XX E 60TH AVE,49.215528,-123.082985
58XX MCKINNON ST,49.231242,-123.038782
GRANVILLE ST / W GEORGIA ST,49.282494,-123.118123
DRAKE ST / HORNBY ST,49.277366,-123.129753
18XX E GEORGIA ST,49.278440,-123.068200
11XX PACIFIC BLVD,49.274558,-123.119649
E 20TH AVE / FRASER ST,49.252826,-123.090000
17XX PARKER ST,49.275751,-123.070079
26XX E BROADWAY AVE,49.261404,-123.051684
21XX W 12TH AVE,49.261029,-123.155226
12XX GRANVILLE ST,49.205970,-123.140640
4XX MAIN ST,49.281109,-123.099477
1XX E 19TH AVE,49.253715,-123.102933
23XX W 4TH AVE,49.268203,-123.157788
20XX E HASTINGS ST,49.281123,-123.063647
5XX SMITHE ST,49.279038,-123.119485
7XX E HASTINGS ST,49.281145,-123.089470
6XX W 18TH AVE,49.255152,-123.118085
4XX E 33RD AVE,49.240414,-123.097021
JERVIS ST / PENDRELL ST,49.283510,-123.133871
8XX W 10TH AVE,49.262377,-123.121986
1XX ATHLETES WAY,49.271548,-123.107395
23XX W 8TH AVE,49.264806,-123.157424
62XX KILLARNEY ST,49.225894,-123.045603
8XX E GEORGIA ST,49.278346,-123.087715
30XX E 22ND AVE,49.250608,-123.041591
CARRALL ST / E CORDOVA ST,49.282474,-123.104320
54XX KILLARNEY ST,49.236046,-123.045894
E 11TH AVE / WOODLAND DR,49.260419,-123.064239
22XX E 52ND AVE,49.222191,-123.062572
16XX GRANVILLE ST,49.205963,-123.140640
6XX W 7TH AVE,49.265008,-123.117557
1XX POWELL ST,49.283127,-123.101884
6XX E BROADWAY AVE,49.262438,-123.091047
35XX POINT GREY RD,49.271952,-123.181660
7XX E PENDER ST,49.280078,-123.089340
3XX DUNSMUIR ST,49.281085,-123.112524
12XX HOWE ST,49.277758,-123.127284
14XX PENDRELL ST,49.284429,-123.135319
COMMERCIAL DR / E 1ST AVE,49.269669,-123.069602
17XX BLENHEIM ST,49.270755,-123.177584
CAMBIE ST / W KING EDWARD AVE,49.248922,-123.115287
34XX HEATHER ST,49.255179,-123.120151
3XX MAIN ST,49.282286,-123.099590
6XX RICHARDS ST,49.282391,-123.114407
21XX COLUMBIA ST,49.266574,-123.109390
3XX W BROADWAY AVE,49.263131,-123.110941
1XX E 14TH AVE,49.258428,-123.103248
SEYMOUR ST / SMITHE ST,49.279680,-123.120417
38XX W 30TH AVE,49.245222,-123.188263
BURRARD ST / ROBSON ST,49.283295,-123.122802
45XX MAIN ST,49.244528,-123.101275
HOMER ST / W HASTINGS ST,49.283397,-123.110932
5XX BEACH CRES,49.273236,-123.128521
10XX SEYMOUR ST,49.278570,-123.122088
ARCHIMEDES ST / JOYCE ST,49.235838,-123.034280
8XX W 37TH AVE,49.237530,-123.124429
1XX E 11TH AVE,49.261128,-123.103161
29XX POINT GREY RD,49.271075,-123.170953
35XX E HASTINGS ST,49.281106,-123.028176
35XX TANNER ST,49.243762,-123.030567
1XX MAIN ST,49.284050,-123.099498
COLUMBIA ST / E CORDOVA ST,49.282359,-123.102227
21XX TRIUMPH ST,49.283896,-123.061551
20XX COMOX ST,49.290602,-123.142729
34XX W 40TH AVE,49.235684,-123.180407
17XX W 10TH AVE,49.262699,-123.143300
6XX W 41ST AVE,49.233559,-123.117579
11XX HARWOOD ST,49.278952,-123.133897
10XX W 26TH AVE,49.248169,-123.127717
15XX E 5TH AVE,49.265995,-123.073364
E 54TH AVE / FRASER ST,49.220634,-123.090896
3XX W 26TH AVE,49.247852,-123.111144
BEATTY ST / W GEORGIA ST,49.278732,-123.112283
1XX E 8TH AVE,49.263725,-123.102911
23XX GRANVILLE ST,49.265195,-123.138092
1XX LAKEWOOD DR,49.283903,-123.061629
14XX W BROADWAY AVE,49.263516,-123.136755
3XX ROBSON ST,49.279163,-123.116452
16XX ROBSON ST,49.289499,-123.132394
BIDWELL ST / ROBSON ST,49.290463,-123.133867
10XX MAIN ST,49.275689,-123.099790
12XX CARDERO ST,49.285587,-123.138087
CORNWALL AVE / CYPRESS ST,49.272478,-123.147793
5XX W 61ST AVE,49.215021,-123.117094
3XX W 12TH AVE,49.260341,-123.111175
23XX WOODLAND DR,49.264217,-123.073613
2XX W 6TH AVE,49.265671,-123.109498
25XX GRANVILLE ST,49.263515,-123.138578
21XX SOUTHSIDE DR,49.207769,-123.062092
22XX W 2ND AVE,49.269923,-123.154952
24XX GRANVILLE ST,49.264451,-123.138555
34XX PANDORA ST,49.282944,-123.030732
1XX ROBSON ST,49.277607,-123.114048
38XX W 23RD AVE,49.251906,-123.188077
19XX W 3RD AVE,49.268918,-123.147825
13XX W 11TH AVE,49.261630,-123.133664
2XX POWELL ST,49.283183,-123.099704
6XX GRANVILLE ST,49.283579,-123.116500
8XX WINDERMERE ST,49.276411,-123.036309
BOUNDARY RD / TRANS CANADA HWY,49.262479,-123.025534
65XX OAK ST,49.226480,-123.128205
31XX E 2ND AVE,49.268465,-123.039100
21XX E 48TH AVE,49.226255,-123.063703
27XX E BROADWAY AVE,49.261646,-123.049096
26XX SLOCAN ST,49.260787,-123.049577
12XX W GEORGIA ST,49.287141,-123.125760
18XX NELSON ST,49.289420,-123.138719
27XX E 12TH AVE,49.259046,-123.046942
27XX W 33RD AVE,49.242300,-123.165536
E 18TH AVE / MAIN ST,49.254788,-123.100971
TRAFALGAR ST / W 4TH AVE,49.268341,-123.164545
25XX E 18TH AVE,49.254033,-123.054434
21XX W 7TH AVE,49.265574,-123.152886
29XX GRANDVIEW HWY,49.257964,-123.043463
31XX HEATHER ST,49.257361,-123.120062
1XX KOOTENAY ST,49.283873,-123.025638
47XX KNIGHT ST,49.242461,-123.076325
17XX VENABLES ST,49.276655,-123.069614
1XX ALEXANDER ST,49.283748,-123.102235
29XX W 5TH AVE,49.267507,-123.170311
NELSON ST / RICHARDS ST,49.278003,-123.121048
20XX KITCHENER ST,49.272084,-123.063708
27XX COMMERCIAL DR,49.259998,-123.069787
20XX W 1ST AVE,49.270721,-123.150146
BURRARD ST / SMITHE ST,49.282237,-123.124400
5XX COLUMBIA ST,49.280448,-123.102288
12XX W BROADWAY AVE,49.263480,-123.131468
1XX W GEORGIA ST,49.278754,-123.112346
8XX AVISON WAY,49.300581,-123.130336
3XX E 37TH AVE,49.237186,-123.099423
11XX W 39TH AVE,49.235883,-123.130393
10XX W 57TH AVE,49.219179,-123.128606
36XX WELLINGTON AVE,49.238825,-123.027147
10XX NELSON ST,49.281244,-123.126103
24XX OAK ST,49.264332,-123.126536
58XX CARTIER ST,49.233373,-123.138002
40XX MILLER ST,49.249066,-123.068574
31XX E 4TH AVE,49.266658,-123.038917
36XX E HASTINGS ST,49.280987,-123.025412
21XX W 14TH AVE,49.259141,-123.153229
31XX GRANT ST,49.271337,-123.038797
E 55TH AVE / INVERNESS ST,49.219594,-123.080142
21XX FERNDALE ST,49.279657,-123.061870
23XX E GEORGIA ST,49.278280,-123.057788
ONTARIO ST / W 12TH AVE,49.260278,-123.105013
E CORDOVA ST / GORE AVE,49.282247,-123.097608
1XX E 4TH AVE,49.267343,-123.102775
21XX SCARBORO AVE,49.213579,-123.063750
12XX SEYMOUR ST,49.276461,-123.125275
26XX KITCHENER ST,49.272281,-123.051923
8XX ROBSON ST,49.282852,-123.120688
17XX WOODLAND DR,49.269206,-123.073460
3XX E 18TH AVE,49.254765,-123.099323
10XX BIDWELL ST,49.288367,-123.136965
CARDERO ST / ROBSON ST,49.289457,-123.132303
GRANVILLE ST / W CORDOVA ST,49.285998,-123.112764
10XX JERVIS ST,49.284953,-123.131658
16XX DAVIE ST,49.285276,-123.138740
9XX NICOLA ST,49.287976,-123.132146
32XX E 6TH AVE,49.264756,-123.036653
20XX E 54TH AVE,49.220262,-123.065145
3XX VERNON DR,49.280328,-123.079153
12XX BIDWELL ST,49.286235,-123.140214
91XX HUDSON ST,49.201709,-123.135020
DUNSMUIR ST / SEYMOUR ST,49.282991,-123.115425
11XX HARO ST,49.283909,-123.125916
38XX GLENDALE ST,49.250554,-123.025318
ROBSON ST / SEYMOUR ST,49.280727,-123.118841
2XX NATIONAL AVE,49.274904,-123.099671
16XX YEW ST,49.271698,-123.154984
42XX W 15TH AVE,49.259136,-123.200283
7XX W BROADWAY AVE,49.263162,-123.120139
9XX DRAKE ST,49.277702,-123.130302
16XX E PENDER ST,49.280310,-123.072539
16XX E 10TH AVE,49.261384,-123.071732
1XX W 47TH AVE,49.227678,-123.108468
22XX COMMERCIAL DR,49.265024,-123.069691
32XX GARDEN DR,49.255808,-123.058236
17XX BALACLAVA ST,49.271149,-123.173695
5XX BEATTY ST,49.281199,-123.108477
VICTORIA DR / VICTORIA DVRS,49.282729,-123.120738
10XX E 10TH AVE,49.261467,-123.083444
34XX E 23RD AVE,49.249340,-123.062682
24XX W 7TH AVE,49.265680,-123.159862
4XX E 18TH AVE,49.254713,-123.096428
5XX E 11TH AVE,49.260513,-123.092790
5XX E 18TH AVE,49.254686,-123.093978
14XX WOODLAND DR,49.272149,-123.073411
BEATTY ST / W PENDER ST,49.281251,-123.108423
9XX W BROADWAY AVE,49.263320,-123.124565
HARO ST / THURLOW ST,49.283904,-123.125881
RICHARDS ST / W PENDER ST,49.283396,-123.112881
45XX W 7TH AVE,49.266413,-123.209182
E 22ND AVE / MAIN ST,49.250950,-123.100973
35XX E 47TH AVE,49.226385,-123.029310
35XX E 48TH AVE,49.225204,-123.029279
5XX ABBOTT ST,49.281095,-123.107543
42XX LAUREL ST,49.232449,-123.125260
FRASER ST / SE MARINE DR,49.211080,-123.091100
10XX DENMAN ST,49.287298,-123.141722
DAVIE ST / JERVIS ST,49.282820,-123.134917
6XX GORE AVE,49.278576,-123.097065
38XX GLEN DR,49.251367,-123.081845
CLARK DR / E 12TH AVE,49.259583,-123.077441
5XX E 21ST AVE,49.251977,-123.094057
46XX CLARENDON ST,49.243706,-123.053460
16XX GRANT ST,49.271420,-123.071496
10XX E 12TH AVE,49.259664,-123.083263
4XX W CORDOVA ST,49.284093,-123.110013
60XX MARGUERITE ST,49.231633,-123.144810
E 18TH AVE / QUEBEC ST,49.254650,-123.103304
8XX HOMER ST,49.279464,-123.116891
19XX W 1ST AVE,49.270599,-123.148037
20XX SEMLIN DR,49.267012,-123.063863
4XX E 21ST AVE,49.252013,-123.096518
SEYMOUR ST / W PENDER ST,49.284021,-123.113858
HOMER ST / W CORDOVA ST,49.284071,-123.109953
8XX W BROADWAY AVE,49.263196,-123.122063
10XX THURLOW ST,49.282860,-123.127436
2XX W 17TH AVE,49.255762,-123.109630
4XX E HASTINGS ST,49.281248,-123.095489
HEMLOCK ST / W 4TH AVE,49.267081,-123.136038
40XX WELWYN ST,49.250313,-123.069844
35XX E 23RD AVE,49.249340,-123.062682
59XX RUPERT ST,49.230656,-123.043095
59XX SELKIRK ST,49.232188,-123.133397
16XX W 8TH AVE,49.264544,-123.141231
12XX HARWOOD ST,49.280428,-123.135566
67XX CYPRESS ST,49.224851,-123.149467
25XX W 21ST AVE,49.253633,-123.162518
39XX W 20TH AVE,49.254701,-123.190672
BURRARD ST / W 5TH AVE,49.267161,-123.145567
BLENHEIM ST / CELTIC AVE,49.218593,-123.179016
6XX HEATLEY AVE,49.279394,-123.089601
13XX ARBUTUS ST,49.274516,-123.152479
4XX KEEFER ST,49.279414,-123.095341
SEYMOUR ST / W GEORGIA ST,49.281855,-123.117125
34XX E GEORGIA ST,49.278247,-123.030877
11XX E BROADWAY AVE,49.262397,-123.081370
20XX E 13TH AVE,49.258600,-123.063944
E CORDOVA ST / MAIN ST,49.282286,-123.099609
32XX AUSTREY AVE,49.239003,-123.037729
21XX GRAVELEY ST,49.270435,-123.061767
13XX WALNUT ST,49.274372,-123.148907
14XX NOOTKA ST,49.272327,-123.041423
13XX W 7TH AVE,49.265143,-123.133836
TERMINAL AVE / THORNTON ST,49.271777,-123.093336
34XX W 23RD AVE,49.251925,-123.180239
84XX CARTIER ST,49.210508,-123.137762
15XX W 4TH AVE,49.267890,-123.140456
RICHARDS ST / W GEORGIA ST,49.281216,-123.116162
HOWE ST / SMITHE ST,49.280948,-123.122418
2XX W 7TH AVE,49.264762,-123.109511
MONTCALM ST / SW MARINE DR,49.203726,-123.136989
CAMBIE ST / W GEORGIA ST,49.279334,-123.113260
56XX STANLEY PARK DR,49.312347,-123.142943
1XX DUNSMUIR ST,49.279842,-123.110598
33XX ADANAC ST,49.277445,-123.033732
E 13TH AVE / SEMLIN DR,49.258613,-123.064041
8XX BURRARD ST,49.283006,-123.122873
13XX W 57TH AVE,49.219263,-123.134025
4XX W 18TH AVE,49.254813,-123.112707
1XX W BROADWAY AVE,49.263559,-123.145045
35XX VANNESS AVE,49.237343,-123.029926
24XX MCGILL ST,49.288385,-123.056666
13XX CARDERO ST,49.283915,-123.140685
14XX ARBUTUS ST,49.273415,-123.152542
NELSON ST / SEYMOUR ST,49.278631,-123.122022
ORMIDALE ST / VANNESS AVE,49.234956,-123.024721
28XX FRANKLIN ST,49.282061,-123.046920
GRANVILLE ST / W 8TH AVE,49.264493,-123.138573
36XX PRICE ST,49.240476,-123.025537
7XX W HASTINGS ST,49.285297,-123.113877
KERR ST / SE MARINE DR,49.208174,-123.042247
44XX W 16TH AVE,49.258114,-123.203052
42XX W 16TH AVE,49.258114,-123.203052
3XX W 1ST AVE,49.269006,-123.112455
10XX W BROADWAY AVE,49.263342,-123.126703
20XX E 23RD AVE,49.249358,-123.064291
9XX E BROADWAY AVE,49.262434,-123.085149
10XX BROUGHTON ST,49.285803,-123.133080
8XX W 20TH AVE,49.253432,-123.122079
1XX W 22ND AVE,49.251015,-123.107478
35XX NORMANDY DR,49.252081,-123.028147
58XX MACDONALD ST,49.248573,-123.167884
14XX E 4TH AVE,49.266916,-123.075568
15XX MARINER WALK,49.269726,-123.139124
GORE AVE / KEEFER ST,49.279438,-123.097189
33XX W 32ND AVE,49.243331,-123.178628
CAMBIE ST / W PENDER ST,49.281562,-123.109999
GRANVILLE ST / SEYMOUR ST,49.277051,-123.124417
GORE AVE / UNION ST,49.277617,-123.096932
BALDWIN ST / KINGSWAY AVE,49.242310,-123.059199
CAMBIE ST / W BROADWAY AVE,49.263277,-123.114773
18XX W 5TH AVE,49.266924,-123.145904
20XX E 26TH AVE,49.247094,-123.036508
NICOLA ST / PENDRELL ST,49.285162,-123.136426
49XX MCGEER ST,49.239571,-123.033240
61XX LARCH ST,49.230963,-123.162877
ABBOTT ST / WATER ST,49.283856,-123.106411
12XX W 13TH AVE,49.259686,-123.131604
67XX BEECHWOOD ST,49.225102,-123.156701
68XX BEECHWOOD ST,49.223877,-123.157122
9XX BURRARD ST,49.281874,-123.124402
80XX KERR ST,49.212098,-123.041688
5XX TAYLOR ST,49.280695,-123.105560
4XX E 43RD AVE,49.231073,-123.097243
1XX JACKSON AVE,49.283147,-123.093316
8XX BEATTY ST,49.277633,-123.113888
1XX W 5TH AVE,49.266516,-123.106830
SEYMOUR ST / W HASTINGS ST,49.284669,-123.112882
57XX WALLACE ST,49.234858,-123.190926
8XX HAMILTON ST,49.278831,-123.115912
2XX E 2ND AVE,49.269772,-123.105283
29XX W 24TH AVE,49.251029,-123.173181
21XX E 13TH AVE,49.258590,-123.062227
37XX W 31ST AVE,49.244283,-123.188270
E 29TH AVE / ST GEORGE ST,49.244605,-123.094183
11XX MARINASIDE CRES,49.273485,-123.118476
13XX HARWOOD ST,49.281449,-123.137126
58XX WALLACE ST,49.233905,-123.190935
31XX CAROLINA ST,49.256427,-123.091812
10XX W 70TH AVE,49.208435,-123.130261
43XX ST CATHERINES ST,49.246515,-123.085815
16XX W 5TH AVE,49.267072,-123.141030
26XX E 20TH AVE,49.252463,-123.068688
15XX W 1ST AVE,49.271369,-123.140267
31XX E 46TH AVE,49.228423,-123.045539
11XX BEACH AVE,49.277524,-123.135362
MAIN ST / UNION ST,49.277672,-123.099723
39XX PUGET DR,49.252315,-123.172778
12XX ROBSON ST,49.286004,-123.127004
33XX WORTHINGTON DR,49.256431,-123.032743
KEEFER ST / MAIN ST,49.279482,-123.099737
4XX HOMER ST,49.283045,-123.111432
OAK ST / W BROADWAY AVE,49.263353,-123.126649
17XX E GEORGIA ST,49.278483,-123.070603
74XX FRASER ST,49.217097,-123.090952
34XX NAPIER ST,49.274947,-123.030418
13XX PENDRELL ST,49.283524,-123.133927
35XX W 37TH AVE,49.238555,-123.182062
16XX E 56TH AVE,49.219006,-123.073953
73XX BLAKE ST,49.217570,-123.029512
18XX W BROADWAY AVE,49.263723,-123.145754
19XX W 19TH AVE,49.254529,-123.146990
36XX W 22ND AVE,49.252858,-123.185156
35XX TURNER ST,49.279078,-123.028176
4XX E 30TH AVE,49.243285,-123.087879
4XX DUNLEVY AVE,49.281211,-123.095366
32XX CAMBIE ST,49.256922,-123.114988
21XX STANLEY PARK DR,49.298285,-123.118354
7XX GRANVILLE ST,49.282429,-123.118195
DUNBAR ST / W 30TH AVE,49.245219,-123.185233
1XX W 14TH AVE,49.258490,-123.107144
9XX E 20TH AVE,49.252718,-123.085596
19XX MCNICOLL AVE,49.276208,-123.147760
31XX W 26TH AVE,49.249015,-123.174323
8XX E 26TH AVE,49.247524,-123.087807
COLUMBIA ST / W 2ND AVE,49.269276,-123.109468
2XX W 49TH AVE,49.224887,-123.111486
27XX W KING EDWARD AVE,49.247957,-123.165256
31XX W 24TH AVE,49.251018,-123.174298
23XX ST CATHERINES ST,49.264258,-123.085187
3XX E 6TH AVE,49.265459,-123.098772
39XX W 23RD AVE,49.251968,-123.190711
13XX GRANT ST,49.271517,-123.077247
3XX W 13TH AVE,49.259382,-123.111182
39XX W 11TH AVE,49.262630,-123.190725
4XX ABBOTT ST,49.282000,-123.107182
33XX W 43RD AVE,49.232837,-123.179363
36XX W 48TH AVE,49.228515,-123.178619
OAK ST / W 70TH AVE,49.208447,-123.130254
GRANVILLE ST / ROBSON ST,49.281368,-123.119830
5XX E 7TH AVE,49.264348,-123.092863
77XX CAMBIE ST,49.215192,-123.116760
7XX ROBSON ST,49.281376,-123.119868
15XX ALBERNI ST,49.289522,-123.130433
15XX GRANT ST,49.271438,-123.073824
12XX STATION ST,49.272544,-123.098031
COLUMBIA ST / POWELL ST,49.283242,-123.102183
27XX E 28TH AVE,49.245457,-123.049684
30XX W 13TH AVE,49.260510,-123.172278
18XX W 1ST AVE,49.270661,-123.145651
27XX E 26TH AVE,49.247094,-123.036508
31XX GRANDVIEW HWY,49.258135,-123.039155
DUNSMUIR ST / HORNBY ST,49.284893,-123.118376
1XX E 15TH AVE,49.257516,-123.103288
BUTE ST / ROBSON ST,49.286007,-123.126981
6XX RAYMUR AVE,49.279120,-123.083169
3XX E CORDOVA ST,49.282232,-123.097495
30XX ONTARIO ST,49.247282,-123.105063
BALACLAVA ST / W 2ND AVE,49.270229,-123.173766
BURRARD ST / NELSON ST,49.281187,-123.125989
6XX TERMINAL AVE,49.271438,-123.092436
23XX GRAVELEY ST,49.270396,-123.057942
4XX GORE AVE,49.280345,-123.097321
28XX W 4TH AVE,49.268359,-123.168316
22XX W 7TH AVE,49.265521,-123.155414
5XX W HASTINGS ST,49.284056,-123.111976
50XX RUPERT ST,49.239289,-123.039088
15XX W 13TH AVE,49.259836,-123.139425
88XX HEATHER ST,49.205995,-123.123357
17XX QUEBEC ST,49.272923,-123.101618
9XX MAINLAND ST,49.277678,-123.117522
11XX E HASTINGS ST,49.281080,-123.079293
8XX SEYMOUR ST,49.280666,-123.118907
8XX SMITHE ST,49.281977,-123.121955
6XX ROBSON ST,49.280683,-123.119211
ALEXANDER ST / GORE AVE,49.284067,-123.097866
19XX ROBSON ST,49.292536,-123.137103
23XX CORNWALL AVE,49.272590,-123.157466
2XX KINGSWAY AVE,49.261952,-123.098729
24XX BLENHEIM ST,49.265131,-123.177793
76XX ROSS ST,49.215979,-123.083114
28XX W 17TH AVE,49.257086,-123.168047
14XX PARKER ST,49.275845,-123.075789
5XX W 18TH AVE,49.254866,-123.114998
33XX W 18TH AVE,49.256467,-123.180103
44XX RUPERT ST,49.245350,-123.033707
9XX HOMER ST,49.278417,-123.118502
26XX W 18TH AVE,49.256388,-123.164077
16XX MANITOBA ST,49.271198,-123.106671
8XX BIDWELL ST,49.290451,-123.133859
4XX E 36TH AVE,49.238062,-123.097217
LARCH ST / W 5TH AVE,49.267431,-123.162270
49XX FRASER ST,49.240295,-123.090336
28XX SOPHIA ST,49.260272,-123.098288
14XX HOMER ST,49.273216,-123.125839
32XX W 35TH AVE,49.240421,-123.175617
18XX PENDRELL ST,49.287955,-123.140746
12XX HORNBY ST,49.278112,-123.128135
48XX FRASER ST,49.241651,-123.090310
23XX CHARLES ST,49.272942,-123.057804
22XX FERNDALE ST,49.279674,-123.059689
BURRARD ST / W CORDOVA ST,49.287665,-123.116206
6XX W BROADWAY AVE,49.263136,-123.117763
3XX RAILWAY ST,49.284323,-123.097758
38XX INVERNESS ST,49.250400,-123.079932
73XX ONTARIO ST,49.218596,-123.106171
DAVIE ST / MAINLAND ST,49.274528,-123.122147
74XX STANLEY PARK DR,49.300738,-123.157795
17XX COMOX ST,49.287604,-123.138035
23XX WAVERLEY AVE,49.227077,-123.059081
66XX VIVIAN ST,49.223777,-123.050366
34XX W 42ND AVE,49.233804,-123.180549
6XX ALEXANDER ST,49.283934,-123.091463
EAST BLVD / W 48TH AVE,49.228112,-123.155082
15XX W 6TH AVE,49.266177,-123.138615
64XX YEW ST,49.227680,-123.158725
30XX YUKON ST,49.258678,-123.113049
32XX W 33RD AVE,49.242342,-123.175625
W 47TH AVE / WILTSHIRE ST,49.228832,-123.146525
10XX SE MARINE DR,49.211067,-123.086590
9XX CANADA PL,49.287196,-123.114020
31XX E 27TH AVE,49.246248,-123.037522
VINE ST / W 4TH AVE,49.268210,-123.157503
35XX NAPIER ST,49.274933,-123.028504
OAK ST / W 12TH AVE,49.260547,-123.126622
5XX E 15TH AVE,49.257313,-123.093746
20XX PENDRELL ST,49.289878,-123.143709
6XX STAMPS LAND,49.282729,-123.120738
FIR ST / W BROADWAY AVE,49.263598,-123.141075
76XX ARBUTUS ST,49.216731,-123.154413
20XX E 37TH AVE,49.236656,-123.065786
56XX KNIGHT ST,49.233848,-123.076907
FRASER ST / KINGSWAY AVE,49.256683,-123.089933
31XX E 24TH AVE,49.248764,-123.039103
9XX THURLOW ST,49.283899,-123.125862
27XX CHARLES ST,49.273252,-123.049533
7XX BEATTY ST,49.278666,-123.112354
26XX RENFREW ST,49.262047,-123.044201
6XX E 43RD AVE,49.231004,-123.092444
MOBERLY RD / STAMPS LAND,49.282729,-123.120738
14XX W 70TH AVE,49.208436,-123.138113
11XX E 61ST AVE,49.214678,-123.085054
36XX E 27TH AVE,49.246179,-123.026187
33XX W 24TH AVE,49.251018,-123.177969
54XX VINE ST,49.237437,-123.159824
11XX MAINLAND ST,49.275500,-123.120592
E 35TH AVE / PRINCE ALBERT ST,49.238257,-123.087984
8XX E 19TH AVE,49.253656,-123.087498
9XX E 8TH AVE,49.263398,-123.085116
29XX E 1ST AVE,49.269407,-123.044323
7XX ALEXANDER ST,49.283906,-123.089830
53XX ELM ST,49.238417,-123.163986
6XX UNION ST,49.277519,-123.091533
12XX W 58TH AVE,49.218228,-123.132265
11XX BURRARD ST,49.279845,-123.127654
10XX E 7TH AVE,49.264267,-123.083163
10XX W 72ND AVE,49.205635,-123.130409
9XX BUTE ST,49.284599,-123.129098
DUCHESS ST / EUCLID AVE,49.242480,-123.048913
4XX E 37TH AVE,49.237145,-123.097156
12XX BEACH AVE,49.280441,-123.138323
E GEORGIA ST / PRINCESS AVE,49.278442,-123.091588
JACKSON AVE / UNION ST,49.277599,-123.093568
37XX W 23RD AVE,49.251926,-123.186622
3XX E 15TH AVE,49.257466,-123.098216
60XX ONTARIO ST,49.230397,-123.105752
19XX W BROADWAY AVE,49.263605,-123.148343
26XX QUEBEC ST,49.262002,-123.102985
8XX CAMPBELL AVE,49.276972,-123.084945
21XX STAINSBURY AVE,49.250710,-123.062626
PACIFIC BLVD / PACIFIC ST,49.273157,-123.125873
HORNBY ST / W GEORGIA ST,49.283770,-123.120091
11XX W 16TH AVE,49.256762,-123.129250
13XX CONNAUGHT DR,49.245067,-123.135725
6XX E 13TH AVE,49.258821,-123.090925
10XX E BROADWAY AVE,49.262416,-123.083390
26XX E 5TH AVE,49.265704,-123.052020
6XX E 14TH AVE,49.257910,-123.090891
15XX E 13TH AVE,49.258673,-123.073416
20XX TURNER ST,49.279143,-123.063560
OAK ST / W 14TH AVE,49.258739,-123.126800
25XX VENABLES ST,49.276628,-123.054515
28XX W 33RD AVE,49.242286,-123.167777
16XX W 10TH AVE,49.262666,-123.141149
W 1ST AVE / YEW ST,49.270843,-123.155036
1XX DUNLEVY AVE,49.283170,-123.095287
2XX THURLOW ST,49.288633,-123.118696
5XX BURRARD ST,49.286567,-123.117806
E GEORGIA ST / MAIN ST,49.278579,-123.099775
E 63RD AVE / KERR ST,49.213051,-123.041664
85XX KERR ST,49.207241,-123.042238
13XX W BROADWAY AVE,49.263519,-123.133714
COLUMBIA ST / W 4TH AVE,49.267485,-123.109424
35XX CROWLEY DR,49.236209,-123.029708
34XX E 27TH AVE,49.246226,-123.031049
47XX OAK ST,49.243871,-123.127636
COLUMBIA ST / KEEFER ST,49.279260,-123.102205
15XX HARO ST,49.288029,-123.132762
14XX GRAVELEY ST,49.270517,-123.075481
CARRALL ST / E PENDER ST,49.280492,-123.104369
12XX W 8TH AVE,49.264389,-123.131442
6XX W 57TH AVE,49.219108,-123.120461
49XX VICTORIA DR,49.239986,-123.065332
13XX E HASTINGS ST,49.281252,-123.076939
36XX W 12TH AVE,49.261639,-123.185848
30XX E 27TH AVE,49.246248,-123.037522
28XX W 6TH AVE,49.266639,-123.168521
19XX E PENDER ST,49.280241,-123.065589
10XX MARINASIDE CRES,49.273696,-123.114765
20XX E 46TH AVE,49.228549,-123.064885
16XX JOHNSTON ST,49.271477,-123.134470
6XX BURRARD ST,49.285537,-123.119382
87XX AISNE ST,49.207721,-123.122754
2XX DAVIE ST,49.274126,-123.121547
16XX E 6TH AVE,49.265027,-123.073210
11XX QUEBEC ST,49.275030,-123.101830
1XX PRIOR ST,49.276784,-123.101752
21XX W 39TH AVE,49.236458,-123.155539
22XX TRIUMPH ST,49.283890,-123.059614
57XX VINE ST,49.249307,-123.156633
19XX E 7TH AVE,49.264127,-123.065780
1XX E 18TH AVE,49.254639,-123.103338
E 15TH AVE / SOPHIA ST,49.210716,-123.100304
HEMLOCK ST / W 12TH AVE,49.260740,-123.136207
23XX CAMBIE ST,49.264920,-123.114722
5XX HORNBY ST,49.285907,-123.116827
ALBERNI ST / BURRARD ST,49.284009,-123.121715
11XX E 13TH AVE,49.258565,-123.081209
27XX YALE ST,49.290674,-123.025543
E 27TH AVE / SKEENA ST,49.246221,-123.028544
86XX HEATHER ST,49.208304,-123.124178
33XX TURNER ST,49.279065,-123.034332
CAMBIE ST / W 8TH AVE,49.264105,-123.114977
43XX PRINCE ALBERT ST,49.246501,-123.087795
CARTIER ST / W 73RD AVE,49.205036,-123.137788
10XX W PENDER ST,49.286584,-123.117806
37XX COMMERCIAL ST,49.251770,-123.068024
11XX CHARLES ST,49.273162,-123.079347
8XX BROUGHTON ST,49.287907,-123.129916
5XX W 12TH AV,49.260280,-123.115520
4XX E 64TH AVE,49.212212,-123.097810
12XX HARO ST,49.285347,-123.128125
34XX W 26TH AVE,49.249014,-123.180313
36XX CROWLEY DR,49.235114,-123.027309
23XX W 5TH AVE,49.267334,-123.157751
4XX E 5TH AVE,49.266208,-123.095533
20XX BARCLAY ST,49.292837,-123.141774
36XX W 6TH AVE,49.266859,-123.183703
16XX E 5TH AVE,49.265986,-123.071800
14XX W 11TH AVE,49.261662,-123.136178
BURRARD ST / CANADA PL,49.288142,-123.115493
7XX E 63RD AVE,49.212987,-123.091147
16XX NAPIER ST,49.274841,-123.069427
14XX W 8TH AVE,49.264464,-123.136183
22XX W 1ST AVE,49.270832,-123.155154
57XX DUMFRIES ST,49.232652,-123.074255
9XX POWELL ST,49.282633,-123.083872
10XX WOLFE AVE,49.252617,-123.127533
70XX WERKS DR,49.219547,-123.031817
HORNBY ST / SMITHE ST,49.281586,-123.123396
26XX CHARLES ST,49.273251,-123.051810
88XX MAIN ST,49.206554,-123.102478
2XX E 18TH AVE,49.254763,-123.099210
58XX VICTORIA DR,49.231193,-123.065560
22XX PARKER ST,49.275675,-123.059932
58XX DUMFRIES ST,49.231761,-123.074270
35XX WELLINGTON AVE,49.240073,-123.030177
KINGSWAY AVE / SPENCER ST,49.235753,-123.040772
27XX E 3RD AVE,49.267581,-123.049607
HAMILTON ST / SMITHE ST,49.277747,-123.117482
19XX E 1ST AVE,49.269574,-123.065646
33XX QUEENS AVE,49.240926,-123.035120
1XX KEEFER ST,49.279279,-123.102082
30XX COMMERCIAL DR,49.257615,-123.069616
42XX MAIN ST,49.247607,-123.101111
13XX STEWART ST,49.284018,-123.075371
4XX E 6TH AVE,49.265442,-123.096063
26XX E 7TH AVE,49.263866,-123.052030
26XX E 21ST AVE,49.251532,-123.052276
18XX W 2ND AVE,49.269766,-123.145376
BAYSHORE DR / DENMAN ST,49.293076,-123.133043
14XX E 37TH AVE,49.236829,-123.076959
24XX E 23RD AVE,49.249340,-123.062682
ALBERNI ST / BIDWELL ST,49.291171,-123.132810
36XX TURNER ST,49.279077,-123.025842
3XX CAMBIE ST,49.283255,-123.109079
5XX TERMINAL AVE,49.271709,-123.094058
22XX KAMLOOPS ST,49.264763,-123.054692
19XX W 4TH AVE,49.268059,-123.148093
E BROADWAY AVE / SLOCAN ST,49.262016,-123.049616
8XX HORNBY ST,49.281988,-123.121966
27XX CAMBRIDGE ST,49.286711,-123.049194
19XX YORK AVE,49.271580,-123.147834
16XX E BROADWAY AVE,49.262338,-123.071899
35XX W 24TH AVE,49.251011,-123.181899
3XX W 17TH AVE,49.255791,-123.111133
COMMERCIAL DR / E 8TH AVE,49.263022,-123.069747
5XX UNION ST,49.277583,-123.093472
ALEXANDER ST / COLUMBIA ST,49.283775,-123.102158
28XX E 16TH AVE,49.255406,-123.046965
CHARLES ST / COMMERCIAL DR,49.273059,-123.069550
7XX DUNSMUIR ST,49.283331,-123.115983
53XX OAK ST,49.237615,-123.127910
ROBSON ST / THURLOW ST,49.284605,-123.124824
39XX W 37TH AVE,49.238553,-123.191073
3XX DRAKE ST,49.273967,-123.124473
2XX E 62ND AVE,49.214115,-123.102273
15XX W 37TH AVE,49.238006,-123.138434
60XX LANARK ST,49.229793,-123.075737
ALEXANDER ST / DUNLEVY AVE,49.284008,-123.095262
24XX BALACLAVA ST,49.265058,-123.173943
13XX NICOLA ST,49.283040,-123.139560
20XX PINE ST,49.268452,-123.143254
DENMAN ST / ROBSON ST,49.291491,-123.135463
60XX KNIGHT ST,49.229924,-123.077113
14XX ROBSON ST,49.288179,-123.130963
30XX W 14TH AVE,49.259615,-123.172111
50XX QUEBEC ST,49.239710,-123.102798
19XX W 44TH AVE,49.231712,-123.149496
12XX E 23RD AVE,49.249936,-123.079970
36XX WINDSOR ST,49.252737,-123.083724
16XX SE MARINE DR,49.210977,-123.073965
2XX E 14TH AVE,49.258388,-123.101048
7XX E 51ST AVE,49.223534,-123.090807
56XX ARGYLE ST,49.233734,-123.071455
32XX FRASER ST,49.256329,-123.089799
17XX E 55TH AVE,49.219946,-123.071830
31XX E 58TH AVE,49.217229,-123.040557
4XX W BROADWAY AVE,49.262900,-123.113163
16XX E 2ND AVE,49.268714,-123.071660
34XX COPELAND AVE,49.215333,-123.028994
86XX LAUREL ST,49.208330,-123.126179
10XX GLEN DR,49.275734,-123.081386
17XX E 64TH AVE,49.211965,-123.072020
2XX E 10TH AVE,49.261991,-123.100911
21XX E 49TH AVE,49.225124,-123.063752
1XX SW MARINE DR,49.211600,-123.108682
23XX GALT ST,49.243112,-123.058444
60XX VICTORIA DR,49.229412,-123.065594
3XX HOWE ST,49.286609,-123.113846
19XX MAIN ST,49.268060,-123.100538
1XX MILROSS AVE,49.276064,-123.102080
9XX W 17TH AVE,49.256187,-123.124527
3XX E 13TH AVE,49.259241,-123.096883
20XX STAINSBURY AVE,49.251349,-123.064870
E 34TH AVE / NANAIMO ST,49.238909,-123.058750
5XX HOWE ST,49.284975,-123.116310
58XX WEST BLVD,49.232208,-123.155672
E 57TH AVE / ST GEORGE ST,49.218320,-123.094869
32XX W 32ND AVE,49.243252,-123.175775
39XX W 36TH AVE,49.239483,-123.190808
82XX FRASER ST,49.210814,-123.091093
68XX QUEBEC ST,49.222860,-123.103877
1XX E 52ND AVE,49.222849,-123.102344
78XX PRINCE ALBERT ST,49.213728,-123.087859
4XX E 10TH AVE,49.261580,-123.096030
51XX CLARENDON ST,49.238109,-123.055446
7XX RICHARDS ST,49.281151,-123.116234
27XX SKEENA ST,49.260158,-123.028485
51XX PRINCE ALBERT ST,49.239900,-123.087951
53XX FRASER ST,49.237104,-123.090410
15XX COMOX ST,49.285902,-123.135441
E PENDER ST / KOOTENAY ST,49.280214,-123.025703
1XX W 38TH AVE,49.236462,-123.107840
28XX GRANT ST,49.271348,-123.046781
35XX PRINCE ALBERT ST,49.253716,-123.087573
4XX E 61ST AVE,49.214955,-123.098075
12XX W 75TH AVE,49.202122,-123.132808
E 24TH AVE / KAMLOOPS ST,49.248824,-123.054581
24XX CYPRESS ST,49.264762,-123.148070
DUNSMUIR ST / HOMER ST,49.281721,-123.113489
47XX COLLINGWOOD ST,49.244203,-123.181921
20XX E 12TH AVE,49.259487,-123.063915
7XX SAWYERS LANE,49.266646,-123.121869
4XX E 57TH AVE,49.218357,-123.097604
80XX CHAMPLAIN CRES,49.211630,-123.029585
18XX SCOTIA ST,49.267753,-123.098182
31XX E 15TH AVE,49.256736,-123.057023
53XX TYNE ST,49.235170,-123.030409
18XX E 14TH AVE,49.257729,-123.067870
39XX W 12TH AVE,49.261716,-123.191070
34XX ARCHIMEDES ST,49.234990,-123.032265
29XX E 43RD AVE,49.231102,-123.046087
DUNBAR ST / W 29TH AVE,49.246160,-123.185233
LARCH ST / W 6TH AVE,49.266578,-123.162295
SELKIRK ST / W 67TH AVE,49.210762,-123.132921
11XX E 12TH AVE,49.259644,-123.081413
22XX E 2ND AVE,49.268620,-123.060033
64XX FRASER ST,49.226505,-123.090568
9XX E 12TH AVE,49.259678,-123.085176
18XX E 13TH AVE,49.258632,-123.067842
CLARK DR / E 13TH AVE,49.258728,-123.077479
39XX KAMLOOPS ST,49.250187,-123.054560
E 42ND AVE / VICTORIA DR,49.232047,-123.065562
4XX E 15TH AVE,49.257475,-123.096550
59XX KNIGHT ST,49.230781,-123.077079
55XX FLEMING ST,49.234733,-123.072805
21XX E 7TH AVE,49.264107,-123.061796
33XX EUCLID AVE,49.237243,-123.035608
30XX PENTICTON ST,49.248127,-123.052272
5XX MCLEAN DR,49.280293,-123.074091
E HASTINGS ST / GLEN DR,49.281010,-123.081281
BIRCH ST / W 7TH AVE,49.265278,-123.133679
58XX VINE ST,49.233713,-123.159950
14XX HARWOOD ST,49.282339,-123.138508
36XX KINGSWAY AVE,49.232160,-123.026550
61XX DUMFRIES ST,49.229059,-123.074357
12XX E 63RD AVE,49.212848,-123.082063
1XX TEMPLETON DR,49.283898,-123.059690
34XX E 28TH AVE,49.245331,-123.030961
17XX COTTON DR,49.269546,-123.071532
18XX W 57TH AVE,49.219426,-123.148162
18XX BURRARD ST,49.269363,-123.145499
82XX CHESTER ST,49.210845,-123.089519
11XX ALBERNI ST,49.285374,-123.123876
22XX E HASTINGS ST,49.281179,-123.059676
7XX DENMAN ST,49.292130,-123.134429
13XX W 6TH AVE,49.266084,-123.133647
72XX ADERA ST,49.220060,-123.143748
71XX VICTORIA DR,49.219708,-123.065863
9XX MAIN ST,49.275061,-123.099814
"1XX ELDORADO MEWS ""48XX ELDORADO MEWS""",49.241341,-123.057703
54XX CECIL ST,49.235508,-123.036004
4XX POWELL ST,49.282640,-123.094347
15XX JOHNSTON ST,49.271000,-123.133810
15XX ROBSON ST,49.288770,-123.131501
18XX ADANAC ST,49.277543,-123.068217
12XX E HASTINGS ST,49.281057,-123.079132
47XX MAIN ST,49.242703,-123.101360
21XX KINGSWAY AVE,49.244467,-123.063823
61XX FRASER ST,49.229224,-123.090635
1XX COLUMBIA ST,49.271230,-123.109382
2XX CARRALL ST,49.283211,-123.104203
16XX E 8TH AVE,49.262974,-123.071680
43XX MAIN ST,49.246550,-123.101187
5XX ROBSON ST,49.280103,-123.118161
6XX EVANS AVE,49.272579,-123.091954
2XX E 24TH AVE,49.249342,-123.100227
13XX RICHARDS ST,49.274521,-123.125798
2XX DUNLEVY AVE,49.283170,-123.095287
2XX E 6TH AVE,49.265493,-123.100769
2XX CAMBIE ST,49.284296,-123.108716
70XX KERR ST,49.219684,-123.041334
21XX W 41ST AVE,49.234581,-123.156345
9XX W 26TH AVE,49.248169,-123.127717
36XX E 1ST AVE,49.269196,-123.026466
45XX CAMBIE ST,49.245217,-123.115326
5XX CLARK DR,49.280386,-123.077087
15XX W GEORGIA ST,49.290217,-123.130838
7XX TERMINAL AVE,49.270905,-123.089349
9XX HOWE ST,49.280610,-123.122463
19XX E 8TH AVE,49.263233,-123.066020
5XX BROUGHTON ST,49.289965,-123.126796
18XX CORNWALL AVE,49.272433,-123.145314
24XX W 2ND AVE,49.270004,-123.159920
29XX W BROADWAY AVE,49.264113,-123.170137
9XX W 7TH AVE,49.265124,-123.124345
11XX W GEORGIA ST,49.285172,-123.122132
5XX W 7TH AVE,49.264949,-123.114933
5XX W BROADWAY AVE,49.263030,-123.115268
3XX W 5TH AVE,49.266582,-123.110904
21XX W 8TH AVE,49.264743,-123.153015
11XX HOMER ST,49.276262,-123.121767
8XX W 6TH AVE,49.265888,-123.121780
10XX MAINLAND ST,49.276608,-123.118973
9XX GRANVILLE ST,49.280108,-123.121388
31XX E 51ST AVE,49.222936,-123.041132
9XX DUNSMUIR ST,49.284884,-123.118389
16XX MAIN ST,49.271310,-123.100303
8XX SE MARINE DR,49.211062,-123.088622
20XX W 8TH AVE,49.264697,-123.150711
29XX W 4TH AVE,49.268390,-123.170226
10XX CAMBIE ST,49.270816,-123.114789
15XX BARCLAY ST,49.287304,-123.133306
13XX W 70TH AVE,49.208517,-123.134355
3XX POWELL ST,49.282881,-123.097409
27XX E HASTINGS ST,49.281126,-123.049446
9XX E KENT N AVE,49.207205,-123.102571
6XX CAMBIE ST,49.280409,-123.111631
14XX E GEORGIA ST,49.278555,-123.075428
4XX SMITHE ST,49.278072,-123.117993
27XX E 51ST AVE,49.222728,-123.052461
21XX W XX AV,49.284455,-123.111684
13XX E KENT N AVE,49.209407,-123.076880
85XX JELLICOE ST,49.205654,-123.047678
41XX RUPERT ST,49.247840,-123.033692
1XX E 6TH AVE,49.265543,-123.102842
9XX W GEORGIA ST,49.283745,-123.121057
9XX W HASTINGS ST,49.286801,-123.116203
38XX W 46TH AVE,49.229851,-123.155191
19XX OGDEN AVE,49.276775,-123.148196
14XX W 14TH AVE,49.258855,-123.136153
3XX E 2ND AVE,49.267704,-123.098112
18XX POWELL ST,49.284198,-123.068304
5XX DAVIE ST,49.276205,-123.124763
6XX W PENDER ST,49.284012,-123.113871
4XX W PENDER ST,49.282786,-123.111979
10XX BARCLAY ST,49.281950,-123.125035
33XX MAQUINNA DR,49.215651,-123.033672
8XX W 8TH AVE,49.264252,-123.121905
12XX PENDRELL ST,49.282394,-123.132165
20XX W 62ND AVE,49.215112,-123.152654
CARRALL ST / W PENDER ST,49.280492,-123.104369
22XX CASSIAR ST,49.264705,-123.030988
29XX ROSEMONT DR,49.218204,-123.048865
16XX BURNABY ST,49.284557,-123.139824
1XX E 53RD AVE,49.221954,-123.102387
7XX E 38TH AVE,49.236220,-123.096474
38XX W KING EDWARD AVE,49.249951,-123.188232
11XX CARDERO ST,49.286138,-123.137241
14XX CREEKSIDE DR,49.272841,-123.140901
TURNER ST / WINDERMERE ST,49.279070,-123.036211
7XX E CORDOVA ST,49.282081,-123.089372
DENMAN ST / W GEORGIA ST,49.292597,-123.133741
56XX KILLARNEY ST,49.234014,-123.045894
TUPPER ST / W 19TH AVE,49.254228,-123.116004
2XX W 8TH AVE,49.263857,-123.109523
74XX COLUMBIA ST,49.215187,-123.112659
19XX E HASTINGS ST,49.281111,-123.065574
RICHARDS ST / SMITHE ST,49.279050,-123.119477
85XX CAMBIE ST,49.208853,-123.117193
17XX E PENDER ST,49.280283,-123.070353
21XX E 61ST AVE,49.214485,-123.064121
1XX W 69TH AVE,49.209451,-123.108431
MANNERING AVE / VICTORIA DR,49.240683,-123.065317
7XX DAVIE ST,49.277169,-123.126440
TRUTCH ST / W 11TH AVE,49.262398,-123.175980
13XX FRANCES ST,49.279466,-123.077224
11XX RENFREW ST,49.274665,-123.044106
10XX E 51ST AVE,49.223489,-123.085182
9XX CAMBIE ST,49.270781,-123.114797
46XX HOY ST,49.243810,-123.024932
33XX VANNESS AVE,49.239958,-123.034123
VENABLES ST / VERNON DR,49.276809,-123.078642
7XX SE MARINE DR,49.210943,-123.091031
6XX HORNBY ST,49.284884,-123.118363
48XX CLARENDON ST,49.241404,-123.054511
BAYSWATER ST / W 4TH AVE,49.268416,-123.171072
2XX W 12TH AVE,49.260330,-123.109430
CLARK DR / E HASTINGS ST,49.281272,-123.077087
13XX E 23RD AVE,49.249899,-123.078046
35XX NAPLES WAY,49.208882,-123.029739
1XX W 61ST AVE,49.215086,-123.108266
CYPRESS ST / YORK AVE,49.271592,-123.147834
69XX LABURNUM ST,49.223017,-123.150987
32XX ST GEORGE ST,49.256539,-123.093750
E 53RD AVE / KNIGHT ST,49.221786,-123.077434
E 62ND AVE / KNIGHT ST,49.213753,-123.077089
26XX MAIN ST,49.261979,-123.100923
10XX W 54TH AVE,49.221516,-123.128514
26XX W 4TH AVE,49.268329,-123.164636
24XX E 27TH AVE,49.246248,-123.037522
14XX QUEBEC ST,49.273098,-123.101608
2XX PRINCESS AVE,49.283033,-123.091379
30XX E 16TH AVE,49.255389,-123.041600
3XX N RENFREW ST,49.289282,-123.044080
14XX HOWE ST,49.275623,-123.130442
7XX E 60TH AVE,49.215460,-123.090284
E 14TH AVE / MAIN ST,49.258398,-123.101077
5XX SALSBURY DR,49.280239,-123.068285
18XX CLARK DR,49.268783,-123.077282
30XX KINGSWAY AVE,49.235868,-123.042317
10XX CHILCO ST,49.290566,-123.142683
24XX E 51ST AVE,49.222530,-123.057654
7XX GILFORD ST,49.293206,-123.135928
27XX MAIN ST,49.261071,-123.100955
34XX DIEPPE DR,49.254167,-123.024581
9XX W 18TH AVE,49.255276,-123.124556
E BROADWAY AVE / ST GEORGE ST,49.262509,-123.092994
ANDERSON ST / W 4TH AVE,49.267960,-123.138768
6XX W HASTINGS ST,49.284629,-123.112847
34XX WELLINGTON AVE,49.241219,-123.032935
47XX NANAIMO ST,49.240960,-123.058616
16XX E 12TH AVE,49.259569,-123.071772
17XX W 5TH AVE,49.267116,-123.143145
33XX CYPRESS ST,49.256310,-123.148369
70XX VICTORIA DR,49.219837,-123.065895
19XX E 41ST AVE,49.232573,-123.068066
45XX OAK ST,49.243637,-123.125393
20XX HARRISON DR,49.210623,-123.066048
20XX BEACH AVE,49.286644,-123.142493
49XX PRINCE ALBERT ST,49.240567,-123.087982
9XX PACIFIC ST,49.276339,-123.131650
E 2ND AVE / QUEBEC ST,49.269266,-123.102696
20XX CASSIAR ST,49.265684,-123.031006
6XX W 45TH AVE,49.230238,-123.129154
23XX CYPRESS ST,49.265563,-123.148042
83XX GRANVILLE ST,49.205850,-123.140645
RICHARDS ST / W CORDOVA ST,49.284686,-123.110896
14XX THORNTON ST,49.272505,-123.093046
35XX W 18TH AVE,49.256469,-123.181852
31XX E PENDER ST,49.280202,-123.038705
52XX WILLOW ST,49.238417,-123.123672
13XX NAPIER ST,49.274957,-123.078586
25XX MAIN ST,49.262723,-123.100564
3XX CARRALL ST,49.282022,-123.104216
COMMERCIAL DR / E BROADWAY AVE,49.262274,-123.069770
20XX YUKON ST,49.267530,-123.112698
11XX COMMERCIAL DR,49.274899,-123.069503
10XX COMMERCIAL DR,49.275715,-123.069483
10XX RICHARDS ST,49.277940,-123.121114
15XX FRANCES ST,49.279435,-123.074296
1XX N RENFREW ST,49.285803,-123.042953
14XX COMOX ST,49.285136,-123.134243
ALBERTA ST / W 8TH AVE,49.263882,-123.110911
13XX E 54TH AVE,49.220467,-123.080101
71XX ALGONQUIN MEWS,49.218743,-123.037254
28XX BENTALL ST,49.259720,-123.031980
BUTE ST / DAVIE ST,49.281789,-123.133349
2XX SE MARINE DR,49.211076,-123.102381
20XX W 5TH AVE,49.267229,-123.150520
6XX EXPO BLVD,49.278617,-123.107664
5XX HELMCKEN ST,49.277257,-123.123167
BEACH CRES / STRATHMORE MEWS,49.272259,-123.127975
36XX W KING EDWARD AVE,49.249938,-123.185107
17XX DAVIE ST,49.286290,-123.140313
30XX E 17TH AVE,49.254743,-123.041459
20XX COMMERCIAL DR,49.266863,-123.069663
21XX NAPIER ST,49.274956,-123.036229
ONTARIO ST / W 8TH AVE,49.263773,-123.104863
9XX W 41ST AVE,49.233761,-123.123932
22XX W 10TH AVE,49.262898,-123.155452
CLARK DR / E BROADWAY AVE,49.262420,-123.077460
4XX E CORDOVA ST,49.282191,-123.095245
34XX OXFORD ST,49.285666,-123.030704
29XX E 2ND AVE,49.268499,-123.044092
30XX W 16TH AVE,49.257595,-123.170348
LAUREL ST / W BROADWAY AVE,49.263413,-123.124171
1XX PACIFIC BLVD,49.277091,-123.107038
11XX DAVIE ST,49.280454,-123.131318
38XX W 31ST AVE,49.244283,-123.188270
1XX BLOOD ALLEY SQ,49.283168,-123.105405
COLUMBIA ST / W 10TH AVE,49.262163,-123.109486
10XX HORNBY ST,49.280539,-123.124994
KINGSWAY AVE / KNIGHT ST,49.250018,-123.076006
22XX E 43RD AVE,49.231187,-123.062088
5XX DRAKE ST,49.274843,-123.125859
20XX W 42ND AVE,49.233543,-123.151954
1XX E 51ST AVE,49.223788,-123.103780
COMMERCIAL DR / E 10TH AVE,49.261370,-123.069779
60XX CHURCHILL ST,49.231606,-123.141510
49XX SPENCER ST,49.240243,-123.036667
1XX SMITHE ST,49.276635,-123.115738
E PENDER ST / MAIN ST,49.280388,-123.099694
23XX E 8TH AVE,49.263194,-123.058333
22XX W 32ND AVE,49.243077,-123.157350
14XX E 3RD AVE,49.267839,-123.075544
46XX NANAIMO ST,49.240956,-123.058617
27XX TURNER ST,49.279074,-123.049450
45XX NANAIMO ST,49.240951,-123.058618
28XX WILLIAM ST,49.274229,-123.046747
14XX W 13TH AVE,49.259781,-123.136257
22XX DUNDAS ST,49.284626,-123.059251
7XX SEYMOUR ST,49.281435,-123.117743
12XX JERVIS ST,49.282109,-123.135959
COMMERCIAL DR / E 4TH AVE,49.266885,-123.069682
35XX ASH ST,49.253979,-123.117994
21XX SKEENA ST,49.274145,-123.028378
13XX E 11TH AVE,49.260539,-123.077812
9XX W 8TH AVE,49.264198,-123.124500
CAMPBELL AVE / KEEFER ST,49.279205,-123.084897
W 20TH AVE / YUKON ST,49.252900,-123.112666
17XX KINGSWAY AVE,49.246843,-123.069450
85XX STANLEY PARK DR,49.293532,-123.147917
29XX E 16TH AVE,49.255409,-123.044337
35XX E PENDER ST,49.280190,-123.028166
33XX ASH ST,49.255210,-123.118175
12XX W 67TH AVE,49.210750,-123.132928
40XX CAMBIE ST,49.250075,-123.115279
29XX NANAIMO ST,49.240885,-123.058634
8XX W 16TH AVE,49.257054,-123.138838
1XX W 18TH AVE,49.254715,-123.107324
CYPRESS ST / W 15TH AVE,49.258179,-123.148330
66XX MARGUERITE ST,49.226117,-123.145012
38XX W 27TH AVE,49.248084,-123.190739
9XX W CORDOVA ST,49.287204,-123.115381
18XX QUILCHENA CRES,49.241940,-123.147234
1XX W 10TH AVE,49.262105,-123.106811
37XX W 16TH AVE,49.257856,-123.186877
GRANVILLE ST / HELMCKEN ST,49.278201,-123.124593
6XX HAMILTON ST,49.281580,-123.111756
5XX HAMILTON ST,49.281580,-123.111756
34XX NAIRN AVE,49.215642,-123.030187
5XX VICTORIA DR,49.280225,-123.065582
28XX E 6TH AVE,49.264751,-123.046910
66XX VINE ST,49.226049,-123.160102
12XX E 47TH AVE,49.227833,-123.081330
E 10TH AVE / NANAIMO ST,49.261284,-123.056711
E 4TH AVE / MCLEAN DR,49.266927,-123.075471
2XX W 70TH AVE,49.208700,-123.112128
18XX E 4TH AVE,49.267073,-123.067693
ABBOTT ST / W PENDER ST,49.281098,-123.107562
KINGSWAY AVE / PRINCE EDWARD ST,49.259547,-123.096302
HELMCKEN ST / SEYMOUR ST,49.277579,-123.123625
6XX BEATTY ST,49.279911,-123.110460
6XX E GEORGIA ST,49.278428,-123.091490
11XX W 43RD AVE,49.232184,-123.130536
21XX YORK AVE,49.271648,-123.152640
79XX GRANVILLE ST,49.214083,-123.140323
19XX COMOX ST,49.289713,-123.141332
46XX SOPHIA ST,49.243203,-123.098709
2XX E 47TH AVE,49.227540,-123.101563
14XX BARCLAY ST,49.286574,-123.132192
24XX YORK AVE,49.271769,-123.159649
16XX E 61ST AVE,49.214595,-123.074181
41XX LAUREL ST,49.232449,-123.125260
OAK ST / W 49TH AVE,49.226507,-123.128417
58XX CLARENDON ST,49.231026,-123.055189
22XX SPRUCE ST,49.266032,-123.128883
16XX W 11TH AVE,49.261736,-123.141201
44XX WELWYN ST,49.245623,-123.069972
21XX SEMLIN DR,49.265904,-123.063869
11XX BURNABY ST,49.279746,-123.132377
15XX W 45TH AVE,49.230578,-123.139719
6XX E 11TH AVE,49.260685,-123.090993
77XX SPARBROOK CRES,49.214381,-123.035190
11XX W 33RD AVE,49.241501,-123.129986
4XX INDUSTRIAL AVE,49.269351,-123.095907
2XX TEMPLETON DR,49.282970,-123.059706
83XX FREMLIN ST,49.210791,-123.127391
CAMBIE ST / W 19TH AVE,49.253989,-123.115135
E 54TH AVE / VICTORIA DR,49.220271,-123.065860
14XX RICHARDS ST,49.273832,-123.127313
22XX E 25TH AVE,49.248115,-123.060488
28XX TURNER ST,49.279104,-123.046488
21XX SW MARINE DR,49.215539,-123.154850
30XX COLUMBIA ST,49.258891,-123.109641
DAVIE ST / HOWE ST,49.277819,-123.127218
GRANVILLE ST / NELSON ST,49.279293,-123.123041
DAVIE ST / HORNBY ST,49.278428,-123.128158
30XX E BROADWAY AVE,49.261817,-123.040108
DENMAN ST / HARO ST,49.290784,-123.136505
31XX THREE CEDARS DR,49.213091,-123.031738
19XX HARO ST,49.291805,-123.138088
77XX MUNROE CRES,49.213937,-123.040222
17XX BURRARD ST,49.270661,-123.145417
9XX DENMAN ST,49.290067,-123.135477
ALBERNI ST / BUTE ST,49.286703,-123.125937
E GEORGIA ST / GORE AVE,49.278529,-123.097078
GRANVILLE ST / W 11TH AVE,49.261719,-123.138627
19XX FERNDALE ST,49.279681,-123.065485
27XX E 6TH AVE,49.264765,-123.049422
22XX BONACCORD DR,49.210517,-123.063078
29XX CAROLINA ST,49.258725,-123.091095
CLARK DR / FRANCES ST,49.279477,-123.077120
22XX TRINITY ST,49.289310,-123.058553
1XX W 15TH AVE,49.257173,-123.108382
37XX W 10TH AVE,49.263468,-123.185889
CAMPBELL AVE / E HASTINGS ST,49.281081,-123.084814
8XX E 8TH AVE,49.263407,-123.087055
15XX W BROADWAY AVE,49.263552,-123.138703
12XX WOODLAND DR,49.273861,-123.073251
SEYMOUR ST / W CORDOVA ST,49.285339,-123.111869
20XX BAYSWATER ST,49.268411,-123.171054
26XX W 10TH AVE,49.263148,-123.164765
22XX E 35TH AVE,49.238123,-123.062056
27XX E 55TH AVE,49.220309,-123.066574
17XX W 14TH AVE,49.258991,-123.143683
19XX W 11TH AVE,49.261862,-123.148068
DUNLEVY AVE / RAILWAY ST,49.284876,-123.095231
PACIFIC ST / THURLOW ST,49.278276,-123.134388
4XX W 49TH AVE,49.226067,-123.116281
34XX COMMERCIAL ST,49.254089,-123.067897
1XX E 3RD AVE,49.268256,-123.102846
5XX HOMER ST,49.282739,-123.111928
HAMILTON ST / NELSON ST,49.276989,-123.119490
BARCLAY ST / THURLOW ST,49.283201,-123.126946
1XX MIDLOTHIAN AVE,49.243016,-123.109150
25XX BLENHEIM ST,49.264572,-123.177810
44XX PINE CRES,49.246539,-123.147252
17XX E 10TH AVE,49.261360,-123.069967
22XX E PENDER ST,49.280199,-123.059786
20XX PARKER ST,49.275715,-123.063534
20XX BALSAM ST,49.268251,-123.159852
35XX OAK ST,49.253973,-123.127349
9XX LAMEYS MILL RD,49.266671,-123.126756
46XX DUCHESS ST,49.243307,-123.047501
CAMBIE ST / NELSON ST,49.273321,-123.114885
GORE AVE / RAILWAY ST,49.284305,-123.097897
16XX LARCH ST,49.239586,-123.162587
6XX NELSON ST,49.278911,-123.122494
33XX PARKER ST,49.275801,-123.033760
20XX W 2ND AVE,49.269846,-123.150421
6XX PIPELINE RD,49.299622,-123.135762
E PENDER ST / HAWKS AVE,49.280156,-123.087177
16XX SALSBURY DR,49.270452,-123.067637
10XX SCANTLINGS AVE,49.267043,-123.128811
CAMBIE ST / WATER ST,49.284314,-123.108791
12XX JOHNSTON ST,49.269540,-123.131983
3XX E 11TH AVE,49.261086,-123.098272
36XX W 3RD AVE,49.269479,-123.183689
3XX W 8TH AVE,49.263872,-123.111010
COMMERCIAL DR / E 12TH AVE,49.259606,-123.069813
E 49TH AVE / TYNE ST,49.224668,-123.032262
17XX W 58TH AVE,49.218525,-123.145380
26XX E 47TH AVE,49.227538,-123.054523
BRUNSWICK ST / E 6TH AVE,49.265066,-123.069078
15XX E 14TH AVE,49.257777,-123.073695
50XX CHESTER ST,49.240114,-123.089106
BOUNDARY RD / VANNESS AVE,49.234968,-123.023620
12XX E 26TH AVE,49.247490,-123.084024
36XX COQUIHALLA DR,49.222884,-123.026449
21XX E 20TH AVE,49.252671,-123.081898
26XX VICTORIA DR,49.261319,-123.065896
8XX HOWE ST,49.282005,-123.120804
8XX SEMLIN DR,49.277488,-123.063619
30XX SLOCAN ST,49.256789,-123.049543
ALEXANDER ST / JACKSON AVE,49.283959,-123.093312
1XX E 17TH AVE,49.255713,-123.103991
HELMCKEN ST / HOWE ST,49.278860,-123.125608
39XX W 16TH AVE,49.257912,-123.191077
7XX GREAT NORTHERN WAY,49.265709,-123.084097
CAMPBELL AVE / UNION ST,49.277401,-123.084955
15XX BURNABY ST,49.283792,-123.138599
BALSAM ST / W 2ND AVE,49.270015,-123.159801
COLUMBIA ST / E PENDER ST,49.280448,-123.102307
12XX RICHARDS ST,49.275821,-123.124295
1XX W 23RD AVE,49.249960,-123.107275
15XX NELSON ST,49.286624,-123.134371
21XX W 38TH AVE,49.237496,-123.166008
14XX DAVIE ST,49.283741,-123.136361
E 6TH AVE / SCOTIA ST,49.265473,-123.098862
21XX BRUNSWICK ST,49.265909,-123.096892
3XX INDUSTRIAL AVE,49.269888,-123.098108
2XX W 62ND AVE,49.214233,-123.110050
13XX KAMLOOPS ST,49.273163,-123.054653
E 2ND AVE / MAIN ST,49.269133,-123.100604
BUTE ST / HARWOOD ST,49.280385,-123.135474
21XX CAMBIE ST,49.266386,-123.114759
18XX ROBSON ST,49.291533,-123.135554
7XX UNION ST,49.277484,-123.089581
62XX DOMAN ST,49.227670,-123.036457
16XX BAYSHORE DR,49.291825,-123.129905
CARDERO ST / W GEORGIA ST,49.290555,-123.130588
33XX E 26TH AVE,49.247088,-123.033372
76XX INVERNESS ST,49.215305,-123.080122
E 49TH AVE / FRASER ST,49.225456,-123.090766
IMPERIAL RD / W 16TH AVE,49.258280,-123.203211
56XX EAST BLVD,49.235431,-123.154966
1XX W 2ND AVE,49.269258,-123.106724
8XX E 11TH AVE,49.260559,-123.087104
TRAFALGAR ST / W 35TH AVE,49.240394,-123.165674
E 51ST AVE / MAIN ST,49.223756,-123.101699
5XX W 24TH AVE,49.250024,-123.116171
JOYCE ST / KINGSWAY AVE,49.234107,-123.035943
19XX WYLIE ST,49.268226,-123.113870
7XX HAMILTON ST,49.279376,-123.114206
OAK ST / W 67TH AVE,49.210724,-123.130187
30XX W 35TH AVE,49.240399,-123.172864
26XX W 1ST AVE,49.270965,-123.164323
COLUMBIA ST / W 14TH AVE,49.258652,-123.109635
8XX RICHARDS ST,49.280030,-123.117925
49XX PINE CRES,49.241929,-123.146798
56XX COMMERCIAL ST,49.233587,-123.068659
GRANVILLE ST / W 64TH AVE,49.213140,-123.140375
BAUER ST / MCSPADDEN AVE,49.266384,-123.067492
19XX YEW ST,49.269051,-123.155085
3XX THURLOW ST,49.288446,-123.118976
COMMERCIAL DR / E 7TH AVE,49.264181,-123.069739
16XX HARWOOD ST,49.284782,-123.142258
40XX YEW ST,49.250463,-123.155670
4XX HEATLEY AVE,49.281112,-123.089575
53XX TRAFALGAR ST,49.239005,-123.165726
21XX E 47TH AVE,49.227628,-123.065316
35XX ADANAC ST,49.277432,-123.027135
E 57TH AVE / SHERBROOKE ST,49.218140,-123.081580
40XX STAUTLO AVE,49.228372,-123.192429
62XX LANARK ST,49.228111,-123.075797
38XX W 12TH AVE,49.261673,-123.187887
19XX TURNER ST,49.279151,-123.065522
23XX WINDSOR ST,49.264235,-123.083237
BALSAM ST / CORNWALL AVE,49.272672,-123.159713
84XX JELLICOE ST,49.207277,-123.047715
39XX W 31ST AVE,49.244275,-123.191041
20XX CLARK DR,49.266920,-123.077386
18XX GRANT ST,49.271267,-123.067552
38XX CLARK DR,49.251328,-123.078161
27XX E 4TH AVE,49.266662,-123.049644
ALBERNI ST / GILFORD ST,49.293218,-123.135935
4XX SW MARINE DR,49.211079,-123.114595
23XX WALL ST,49.289284,-123.059304
1XX W 60TH AVE,49.215932,-123.108258
30XX GARDEN DR,49.258174,-123.058182
28XX BIRCH ST,49.260689,-123.133803
FIR ST / W 14TH AVE,49.258961,-123.141200
8XX LAGOON DR,49.293398,-123.139229
GEORGIA VIADUCT / MAIN ST,49.245088,-123.101267
39XX W 14TH AVE,49.259928,-123.190808
2XX PEVERIL AVE,49.247651,-123.109968
20XX CORNWALL AVE,49.272501,-123.150202
4XX COLUMBIA ST,49.281388,-123.102245
1XX KINGSWAY AVE,49.262905,-123.099654
30XX E 19TH AVE,49.253139,-123.041459
22XX W 33RD AVE,49.242153,-123.157564
34XX E 51ST AVE,49.222838,-123.032222
44XX W 7TH AVE,49.266373,-123.206143
DAVIE ST / DENMAN ST,49.287268,-123.141794
22XX MCBAIN AVE,49.249805,-123.157640
1XX W 63RD AVE,49.213351,-123.108478
29XX E 44TH AVE,49.229754,-123.044697
5XX E PENDER ST,49.280278,-123.093536
9XX SMITHE ST,49.281375,-123.123103
4XX BEACH CRES,49.271592,-123.127022
11XX PACIFIC ST,49.278267,-123.134402
13XX W 10TH AVE,49.262552,-123.133526
CAMBIE ST / W HASTINGS ST,49.282533,-123.109566
CHARLES ST / NANAIMO ST,49.272949,-123.056600
80XX FREMLIN ST,49.212825,-123.127316
2XX W 26TH AVE,49.247839,-123.110761
11XX E 10TH AVE,49.261445,-123.081508
59XX MCKINNON ST,49.230268,-123.038825
CHARLES ST / SALSBURY DR,49.273040,-123.067615
3XX GRANVILLE ST,49.284674,-123.114424
1XX W 42ND AVE,49.232269,-123.108295
20XX W 53RD AVE,49.222791,-123.152596
52XX TAUNTON ST,49.236896,-123.038074
58XX ORMIDALE ST,49.232180,-123.025066
PINE ST / W 12TH AVE,49.260864,-123.143503
HOWE ST / ROBSON ST,49.282013,-123.120817
60XX WILLOW ST,49.230437,-123.123327
CAMBIE ST / W 17TH AVE,49.255902,-123.115238
27XX GRANVILLE ST,49.261672,-123.138610
27XX E GEORGIA ST,49.278260,-123.049454
24XX W 34TH AVE,49.241272,-123.161115
22XX E 8TH AVE,49.263202,-123.059979
3XX E KENT S AVE,49.207006,-123.101849
19XX WOODLAND DR,49.267707,-123.073505
27XX PRINCE EDWARD ST,49.260074,-123.096237
27XX VENABLES ST,49.276612,-123.049487
16XX BALSAM ST,49.271787,-123.159749
7XX PACIFIC ST,49.274999,-123.129511
80XX SELKIRK ST,49.230491,-123.133449
35XX LOUGHEED HWY,49.264088,-123.027421
GRANVILLE ST / W 7TH AVE,49.265355,-123.138541
5XX PACIFIC ST,49.273710,-123.127268
11XX BARCLAY ST,49.283262,-123.127067
17XX NELSON ST,49.288252,-123.136925
25XX PANDORA ST,49.282976,-123.054446
13XX E 18TH AVE,49.254412,-123.077957
47XX HUDSON ST,49.243793,-123.135603
33XX E PENDER ST,49.280226,-123.033593
E 11TH AVE / SEMLIN DR,49.260436,-123.063987
32XX TURNER ST,49.279058,-123.036204
28XX E 44TH AVE,49.230284,-123.059987
17XX KITCHENER ST,49.272130,-123.069460
22XX E 41ST AVE,49.232908,-123.061955
8XX PRIOR ST,49.276528,-123.087128
23XX E 53RD AVE,49.221183,-123.059344
NELSON ST / THURLOW ST,49.282497,-123.128006
ABBOTT ST / W HASTINGS ST,49.282003,-123.107200
24XX E 2ND AVE,49.268503,-123.056152
27XX CHEYENNE AVE,49.241802,-123.049561
48XX CAMBIE ST,49.242868,-123.118396
25XX ALBERTA ST,49.263125,-123.110923
25XX E 24TH AVE,49.248811,-123.054464
7XX MILLBANK ST,49.267632,-123.120096
20XX DUNDAS ST,49.284539,-123.063336
ALBERTA ST / W 7TH AVE,49.264777,-123.110876
JERVIS ST / ROBSON ST,49.287024,-123.128525
28XX E 8TH AVE,49.262962,-123.047149
34XX ASCOT PL,49.238912,-123.032498
54XX DUNBAR ST,49.237826,-123.185296
3XX HOMER ST,49.284046,-123.109964
HEMLOCK ST / W 7TH AVE,49.265313,-123.136100
ALDER ST / W BROADWAY AVE,49.263490,-123.131349
INDUSTRIAL AVE / STATION ST,49.269899,-123.098102
ALBERNI ST / NICOLA ST,49.289392,-123.130052
E HASTINGS ST / MAIN ST,49.281338,-123.099650
19XX WILLIAM ST,49.273775,-123.065613
31XX E 50TH AVE,49.223847,-123.040932
1XX E 21ST AVE,49.251829,-123.103000
W 10TH AVE / YUKON ST,49.262223,-123.112947
34XX W 38TH AVE,49.237762,-123.180317
30XX RENFREW ST,49.257653,-123.044205
38XX W 35TH AVE,49.240482,-123.188017
40XX W 31ST AVE,49.244269,-123.193816
HOMER ST / W PENDER ST,49.282763,-123.111917
47XX REID ST,49.242851,-123.037101
BEACH CRES / RICHARDS ST,49.273179,-123.128323
17XX E 36TH AVE,49.237574,-123.071204
21XX E 5TH AVE,49.265912,-123.061858
E 13TH AVE / PRINCE ALBERT ST,49.238257,-123.087984
31XX W BROADWAY AVE,49.264183,-123.173879
38XX W 29TH AVE,49.245997,-123.188319
17XX PENDRELL ST,49.286544,-123.138965
27XX WILLIAM ST,49.274126,-123.049537
12XX PACIFIC ST,49.279723,-123.136626
32XX HEATHER ST,49.257024,-123.120086
6XX CITADEL PRDE,49.278913,-123.110917
E 4TH AVE / QUEBEC ST,49.267356,-123.102787
7XX KOOTENAY ST,49.278374,-123.025692
6XX HOMER ST,49.282454,-123.112359
9XX RICHARDS ST,49.278945,-123.119488
17XX W BROADWAY AVE,49.263666,-123.143507
8XX E 12TH AVE,49.259679,-123.087120
40XX W 33RD AVE,49.242419,-123.193830
5XX W 22ND AVE,49.251160,-123.115244
38XX HEATHER ST,49.251694,-123.120265
37XX W 15TH AVE,49.258936,-123.186051
22XX W 36TH AVE,49.239312,-123.158253
35XX PRICE ST,49.241741,-123.028513
56XX BOUNDARY RD,49.232266,-123.023390
84XX CORNISH ST,49.210033,-123.142325
8XX E 6TH AVE,49.265225,-123.087213
10XX LE ROI ST,49.275278,-123.040100
10XX E CORDOVA ST,49.281974,-123.082404
16XX BARCLAY ST,49.288757,-123.135555
34XX WILLIAM ST,49.274199,-123.044202
15XX E 4TH AVE,49.266895,-123.073355
26XX E PENDER ST,49.280205,-123.052083
27XX FIR ST,49.261700,-123.141065
85XX ASH ST,49.246837,-123.118497
13XX WOODLAND DR,49.273012,-123.073405
36XX FRANKLIN ST,49.282044,-123.044108
86XX FREMLIN ST,49.208431,-123.127454
TRUTCH ST / W BROADWAY AVE,49.264237,-123.175911
BURNABY ST / THURLOW ST,49.279684,-123.132255
8XX UNION ST,49.277438,-123.087195
GRANDVIEW HWY / KASLO ST,49.258255,-123.047029
12XX W 38TH AVE,49.236875,-123.132537
22XX E 53RD AVE,49.221214,-123.062578
41XX HEATHER ST,49.248779,-123.120352
84XX ONTARIO ST,49.207632,-123.106811
1XX SEMLIN DR,49.283647,-123.063390
2XX E 5TH AVE,49.266382,-123.100750
18XX MAPLE ST,49.269852,-123.150282
26XX W 36TH AVE,49.239417,-123.163937
1XX E 26TH AVE,49.248019,-123.103203
40XX OSLER ST,49.250175,-123.129690
2XX E WOODSTOCK AVE,49.233573,-123.100807
GRANDVIEW HWY N / NANAIMO ST,49.258456,-123.056540
77XX CHAMPLAIN CRES,49.215066,-123.030077
51XX ST MARGARETS ST,49.238096,-123.056541
E 15TH AVE / QUEBEC ST,49.257527,-123.103190
E 17TH AVE / MAIN ST,49.255685,-123.101277
21XX CAMBRIDGE ST,49.286620,-123.060962
52XX WINDSOR ST,49.237744,-123.084648
23XX W 37TH AVE,49.238355,-123.159625
2XX W 63RD AVE,49.213363,-123.110072
14XX GRANVILLE ST,49.274352,-123.130360
88XX MONTCALM ST,49.205679,-123.136217
25XX PRINCE EDWARD ST,49.262624,-123.095983
17XX LAKEWOOD DR,49.269093,-123.061856
E 8TH AVE / QUEBEC ST,49.263737,-123.102923
48XX BEATRICE ST,49.241474,-123.066581
23XX TRINITY ST,49.289311,-123.057628
4XX CAMBIE ST,49.282481,-123.109569
W 7TH AVE / WILLOW ST,49.265113,-123.121766
14XX BURNABY ST,49.282959,-123.137296
22XX ETON ST,49.287507,-123.059555
81XX ONTARIO ST,49.212179,-123.106542
18XX KINGSWAY AVE,49.246355,-123.067793
16XX ONTARIO ST,49.271509,-123.104568
25XX COLLINGWOOD ST,49.263870,-123.181841
4XX RICHARDS ST,49.284376,-123.111367
8XX KINGSWAY AVE,49.255481,-123.087214
1XX E 2ND AVE,49.269141,-123.102639
ALBERNI ST / DENMAN ST,49.292185,-123.134368
8XX W HASTINGS ST,49.285944,-123.114870
1XX E BROADWAY AVE,49.262957,-123.102999
34XX CHARLES ST,49.273241,-123.030684
7XX CAMBIE ST,49.279262,-123.113279
29XX OAK ST,49.259659,-123.126668
15XX SE MARINE DR,49.211143,-123.075994
30XX ROSEMONT DR,49.215535,-123.038983
6XX W 8TH AVE,49.264171,-123.117627
28XX E HASTINGS ST,49.281135,-123.046799
4XX STANLEY PARK DR,49.297396,-123.135918
7XX NELSON ST,49.279287,-123.123058
21XX E HASTINGS ST,49.281196,-123.061600
3XX W HASTINGS ST,49.282809,-123.110028
14XX E 1ST AVE,49.269646,-123.075304
8XX SAWCUT AVE,49.267302,-123.121118
11XX HAMILTON ST,49.275858,-123.121146
64XX KNIGHT ST,49.226831,-123.077258
23XX W 3RD AVE,49.269115,-123.157371
19XX SCOTIA ST,49.267363,-123.098703
3XX WATER ST SECOND FLOOR,49.282729,-123.120738
22XX OXFORD ST,49.285666,-123.030704
19XX COLLINGWOOD ST,49.269484,-123.181629
64XX KILLARNEY ST,49.225076,-123.045639
21XX W 10TH AVE,49.262857,-123.152954
10XX HOMER ST,49.277333,-123.120198
5XX W GEORGIA ST,49.281224,-123.116200
1XX SWITCHMEN ST,49.271328,-123.102128
12XX HAMILTON ST,49.273814,-123.124236
5XX RAILWAY ST,49.284794,-123.093370
19XX PANDORA ST,49.283020,-123.065524
17XX W 13TH AVE,49.259917,-123.143645
4XX GRANVILLE ST,49.285265,-123.113900
9XX TERMINAL AVE,49.268929,-123.083487
11XX DENMAN ST,49.287352,-123.141641
10XX DAVIE ST,49.279142,-123.129298
2XX W 5TH AVE,49.266558,-123.109479
44XX W 10TH AVE,49.263783,-123.205906
9XX ROBSON ST,49.282634,-123.121807
16XX W BROADWAY AVE,49.263586,-123.141080
88XX CARTIER ST,49.205719,-123.137730
35XX W 26TH AVE,49.248992,-123.181907
25XX MAPLE ST,49.263503,-123.150523
E 1ST AVE / QUEBEC ST,49.270163,-123.102563
18XX TRIUMPH ST,49.283842,-123.030748
7XX BUTE ST,49.287109,-123.125325
58XX FRASER ST,49.231945,-123.090565
10XX W 8TH AVE,49.264321,-123.126675
15XX W 3RD AVE,49.268830,-123.138512
43XX SOPHIA ST,49.246609,-123.099143
8XX SW MARINE DR,49.207013,-123.124379
27XX KINGSWAY AVE,49.237872,-123.050031
2XX N TEMPLETON DR,49.286663,-123.059637
9XX E HASTINGS ST,49.281423,-123.083122
13XX E 26TH AVE,49.247495,-123.078439
N KAMLOOPS ST / WALL ST,49.291093,-123.054612
6XX SE MARINE DR,49.210952,-123.093238
11XX RAYMUR AVE,49.274736,-123.082671
26XX E 49TH AVE,49.224563,-123.054033
17XX COMMERCIAL DR,49.269489,-123.069491
2XX COMMERCIAL DR,49.283049,-123.070318
28XX GRANDVIEW HWY,49.258153,-123.047031
3XX E 14TH AVE,49.258397,-123.098290
55XX FRASER ST,49.234816,-123.090470
87XX GRANVILLE ST,49.205843,-123.140645
4XX CAMPBELL AVE,49.280188,-123.083789
73XX CULLODEN ST,49.217997,-123.078520
8XX W 67TH AVE,49.210611,-123.124207
79XX VICTORIA DR,49.212529,-123.066065
E 57TH AVE / FRASER ST,49.218259,-123.090946
31XX E 21ST AVE,49.251472,-123.039176
18XX W 7TH AVE,49.265467,-123.146674
67XX RUPERT ST,49.223114,-123.044208
RICHARDS ST / W HASTINGS ST,49.284033,-123.111914
15XX COMMERCIAL DR,49.271270,-123.069549
21XX E BROADWAY AVE,49.262261,-123.062035
BURRARD ST / W 10TH AVE,49.262752,-123.145794
25XX CAMBIE ST,49.262261,-123.114834
5XX CAMPBELL AVE,49.279249,-123.084876
GLEN DR / TERMINAL AVE,49.269857,-123.081431
45XX ROSS ST,49.244477,-123.081327
28XX PANDORA ST,49.282963,-123.046820
1XX N GARDEN DR,49.283893,-123.057785
E 49TH AVE / ELLIOTT ST,49.224827,-123.054812
W 7TH AVE / YUKON ST,49.264820,-123.112827
6XX E 12TH AVE,49.259720,-123.091019
BURRARD ST / W PENDER ST,49.286592,-123.117793
9XX E 17TH AVE,49.255463,-123.087659
33XX MONMOUTH AVE,49.242729,-123.033881
13XX NELSON ST,49.284830,-123.131602
36XX PRINCE ALBERT ST,49.253270,-123.087592
1XX W KING EDWARD AVE,49.248874,-123.107318
14XX LAKEWOOD DR,49.271918,-123.061653
56XX BALSAM ST,49.235116,-123.161311
26XX TURNER ST,49.279070,-123.052074
5XX SLOCAN ST,49.280675,-123.049299
COMMERCIAL DR / VENABLES ST,49.276666,-123.069568
6XX BEACH CRES,49.273585,-123.130050
86XX MONTCALM ST,49.208543,-123.136110
24XX KAMLOOPS ST,49.262078,-123.054712
22XX MANITOBA ST,49.265659,-123.106711
19XX CEDAR CRES,49.254131,-123.148565
HOWE ST / W CORDOVA ST,49.286617,-123.113859
56XX RUPERT ST,49.234108,-123.043089
36XX VIMY CRES,49.257588,-123.025897
KINGSWAY AVE / PRINCE ALBERT ST,49.255649,-123.087516
4XX W 19TH AVE,49.253898,-123.112715
52XX KERSLAND DR,49.239759,-123.115503
6XX E 65TH AVE,49.211646,-123.098080
68XX YEW ST,49.223822,-123.159003
34XX WORTHINGTON DR,49.254555,-123.030635
15XX E 22ND AVE,49.250382,-123.073317
25XX WALL ST,49.291109,-123.054473
3XX KINGSWAY AVE,49.261024,-123.097838
57XX WILLOW ST,49.232925,-123.123880
6XX MCLEAN DR,49.279698,-123.074154
COLUMBIA ST / W 1ST AVE,49.270260,-123.109411
46XX ONTARIO ST,49.243428,-123.105210
3XX DUNLEVY AVE,49.281852,-123.095340
11XX STATION ST,49.273284,-123.093376
80XX KNIGHT ST,49.212192,-123.077129
11XX W 11TH AVE,49.261556,-123.128925
6XX W 26TH AVE,49.248169,-123.127717
BEATRICE ST / KINGSWAY AVE,49.245732,-123.066509
19XX E BROADWAY AVE,49.262203,-123.065720
11XX UNION ST,49.277344,-123.081271
PUGET DR / W KING EDWARD AVE,49.249400,-123.170059
69XX ELLIOTT ST,49.221357,-123.054871
27XX RUPERT ST,49.260899,-123.033637
MANITOBA ST / W 47TH AVE,49.227688,-123.108344
22XX E 44TH AVE,49.230309,-123.061978
28XX W 41ST AVE,49.234708,-123.167760
11XX W 49TH AVE,49.226595,-123.130413
E 12TH AVE / KINGSWAY AVE,49.259851,-123.096662
19XX NELSON ST,49.290433,-123.140284
58XX CAMBIE ST,49.232540,-123.116070
27XX ALMA ST,49.262514,-123.185905
CAROLINA ST / E 11TH AVE,49.260699,-123.091090
67XX DUMFRIES ST,49.223261,-123.074570
CAMBIE ST / W 57TH AVE,49.219063,-123.116614
9XX COMMERCIAL DR,49.276567,-123.069526
55XX JOYCE ST,49.234093,-123.035935
6XX W 20TH AVE,49.253348,-123.118366
5XX E 5TH AVE,49.266151,-123.093110
64XX CHESTER ST,49.226459,-123.089328
61XX INVERNESS ST,49.228963,-123.079923
70XX MONT ROYAL SQ,49.220061,-123.038032
E 24TH AVE / KNIGHT ST,49.248981,-123.076220
CARRALL ST / E HASTINGS ST,49.281494,-123.104335
W GEORGIA ST / W PENDER ST,49.290365,-123.130276
MAIN ST / TERMINAL AVE,49.272719,-123.099939
12XX BARCLAY ST,49.284647,-123.129208
78XX SHAUGHNESSY ST,49.214045,-123.128650
30XX MAIN ST,49.258391,-123.101062
48XX LANARK ST,49.241573,-123.074852
4XX W 16TH AVE,49.256808,-123.112436
1XX UNION ST,49.277636,-123.103766
36XX DUNBAR ST,49.254623,-123.185129
ATHLETES WAY / SALT ST,49.271538,-123.106037
12XX COMMERCIAL DR,49.273917,-123.069512
30XX GRANVILLE ST,49.258870,-123.138716
15XX BALSAM ST,49.272666,-123.159695
41XX GLADSTONE ST,49.248831,-123.060459
7XX W 17TH AVE,49.256095,-123.120246
13XX E GEORGIA ST,49.278574,-123.077256
7XX E 28TH AVE,49.245554,-123.090393
34XX GRANDVIEW HWY,49.257928,-123.029075
5XX CARDERO ST,49.291731,-123.128817
MANITOBA ST / W BROADWAY AVE,49.263048,-123.106823
31XX MACDONALD ST,49.258213,-123.168362
E 26TH AVE / MAIN ST,49.247999,-123.101108
28XX W BROADWAY AVE,49.264069,-123.168219
10XX E 14TH AVE,49.257841,-123.083197
42XX W 11TH AVE,49.262766,-123.199858
1XX E 5TH AVE,49.266430,-123.102254
29XX E 22ND AVE,49.250579,-123.044114
28XX E 24TH AVE,49.248800,-123.047096
COMMERCIAL DR / E HASTINGS ST,49.281289,-123.070377
19XX W 5TH AVE,49.267183,-123.147809
27XX SEMLIN DR,49.259522,-123.063993
15XX MAIN ST,49.271489,-123.100201
62XX KIRKLAND ST,49.228070,-123.024703
71XX CLARENDON ST,49.219353,-123.056386
6XX E 7TH AVE,49.264343,-123.091244
35XX OXFORD ST,49.285651,-123.028522
3XX COLUMBIA ST,49.249768,-123.109982
20XX W 7TH AVE,49.265560,-123.150486
16XX W 28TH AVE,49.246425,-123.142053
7XX DRAKE ST,49.276127,-123.127844
61XX COMMERCIAL ST,49.228871,-123.068300
17XX WHYTE AVE,49.275953,-123.141533
46XX EARLES ST,49.243098,-123.043568
16XX QUEBEC ST,49.271405,-123.102065
10XX MCLEAN DR,49.275501,-123.074427
24XX PANDORA ST,49.282969,-123.056577
32XX ASH ST,49.256975,-123.118115
11XX W 6TH AVE,49.265786,-123.129686
17XX ALBERNI ST,49.291213,-123.132901
24XX KINGSWAY AVE,49.241112,-123.056005
6XX E CORDOVA ST,49.282129,-123.091360
17XX BEACH AVE,49.286148,-123.142580
CROWLEY DR / JOYCE ST,49.237457,-123.032588
MARINASIDE CRES / PACIFIC BLVD,49.274120,-123.114981
9XX W 14TH AVE,49.258678,-123.124464
21XX E 33RD AVE,49.239784,-123.062931
14XX COTTON DR,49.272026,-123.071347
MONTCALM ST / W 73RD AVE,49.204569,-123.136311
4XX E 8TH AVE,49.263522,-123.095928
10XX HAMILTON ST,49.276927,-123.119556
73XX LAUREL ST,49.218680,-123.126086
21XX W 34TH AVE,49.241199,-123.156008
54XX DUNDEE ST,49.236474,-123.047574
24XX CORNWALL AVE,49.272660,-123.159737
15XX E 12TH AVE,49.259591,-123.073689
7XX W 68TH AVE,49.210197,-123.120688
DUNSMUIR ST / GRANVILLE ST,49.283646,-123.116426
36XX W 38TH AVE,49.237571,-123.178692
57XX GRANVILLE ST,49.205894,-123.140643
45XX WALDEN ST,49.244505,-123.099899
27XX E 24TH AVE,49.248812,-123.049606
2XX W 64TH AVE,49.212497,-123.110121
15XX W 43RD AVE,49.232479,-123.140555
17XX W 3RD AVE,49.268862,-123.143314
E 50TH AVE / MAIN ST,49.224710,-123.101666
1XX WALTER HARDWICK AVE,49.270938,-123.106696
DAVIE ST / SEYMOUR ST,49.276522,-123.125208
E HASTINGS ST / RENFREW ST,49.281125,-123.044072
BEATTY ST / SMITHE ST,49.276537,-123.115550
29XX E 29TH AVE,49.244554,-123.044252
35XX W BROADWAY AVE,49.264294,-123.181742
27XX W 15TH AVE,49.258636,-123.166353
12XX FRANCES ST,49.279490,-123.079103
27XX TRIUMPH ST,49.283842,-123.030748
12XX E 27TH AVE,49.246524,-123.085167
49XX GLADSTONE ST,49.239792,-123.062858
7XX VERNON DR,49.278492,-123.079067
21XX E 19TH AVE,49.253041,-123.062187
42XX BRANT ST,49.248163,-123.057990
38XX FLEMING ST,49.250969,-123.071977
ETON ST / N NANAIMO ST,49.287513,-123.056534
CAMBIE ST / W 41ST AVE,49.233610,-123.116049
CAMBIE ST / DUNSMUIR ST,49.280475,-123.111554
48XX MANOR ST,49.241809,-123.039573
52XX HOY ST,49.237317,-123.025925
25XX SPRUCE ST,49.263376,-123.128971
29XX CHARLES ST,49.273256,-123.044080
GRANDVIEW HWY / SKEENA ST,49.258085,-123.028520
16XX E 21ST AVE,49.251607,-123.071883
20XX SLOCAN ST,49.281257,-123.049297
27XX E 5TH AVE,49.265719,-123.049783
12XX COTTON DR,49.273925,-123.071433
31XX VENABLES ST,49.276394,-123.038879
6XX DAVIE ST,49.276529,-123.125246
E BROADWAY AVE / FRASER ST,49.262441,-123.089118
29XX W 30TH AVE,49.245141,-123.170082
42XX COMMERCIAL ST,49.247394,-123.067763
CYPRESS ST / W 7TH AVE,49.265709,-123.162328
PIPELINE RD / STANLEY PARK DR,49.310222,-123.137807
7XX HELMCKEN ST,49.278196,-123.124612
CHARLESON AVE / MOBERLY RD,49.266278,-123.120544
26XX LAUREL ST,49.260618,-123.125420
15XX W 2ND AVE,49.269450,-123.138541
21XX MAPLE ST,49.267231,-123.150382
4XX E 50TH AVE,49.224601,-123.097375
6XX E 29TH AVE,49.244448,-123.100937
13XX E BROADWAY AVE,49.262318,-123.077462
GRANDVIEW HWY / NATAL ST,49.258082,-123.030328
26XX PRINCE EDWARD ST,49.261171,-123.096156
1XX W 11TH AVE,49.261195,-123.106820
NELSON ST / PACIFIC BLVD,49.274120,-123.114981
1XX W 12TH AVE,49.260299,-123.107084
22XX W 8TH AVE,49.264792,-123.155577
30XX W BROADWAY AVE,49.264144,-123.172158
5XX W 26TH AVE,49.247950,-123.115822
11XX SEMLIN DR,49.274749,-123.063479
44XX ST GEORGE ST,49.245590,-123.094137
PRIOR ST / STATION ST,49.276759,-123.099014
CONNAUGHT DR / W 33RD AVE,49.241918,-123.142347
24XX E 7TH AVE,49.263875,-123.056570
CROWN ST / W 33RD AVE,49.242432,-123.193676
CARRINGTON ST / CELTIC AVE,49.219296,-123.183641
8XX BUTE ST,49.285995,-123.126972
23XX W 16TH AVE,49.257349,-123.157784
15XX MATTHEWS AVE,49.253143,-123.138839
27XX PARKER ST,49.275788,-123.049239
66XX GRANVILLE ST,49.225695,-123.139878
4XX BURRARD ST,49.286591,-123.117525
22XX CAMBIE ST,49.265927,-123.114745
2XX LAKEWOOD DR,49.282924,-123.061664
16XX W 12TH AVE,49.260812,-123.140998
17XX W 6TH AVE,49.266253,-123.143409
6XX E 20TH AVE,49.252852,-123.092067
24XX W 20TH AVE,49.254503,-123.160268
ARGYLE ST / E 64TH AVE,49.211978,-123.072056
66XX ARLINGTON ST,49.222012,-123.028398
4XX E 16TH AVE,49.256554,-123.096592
21XX W 20TH AVE,49.254386,-123.152981
53XX EAST BLVD,49.238281,-123.154853
28XX E PENDER ST,49.280195,-123.046829
14XX W 71ST AVE,49.207027,-123.137640
1XX GARDEN DR,49.283893,-123.057785
19XX E 4TH AVE,49.266846,-123.065722
40XX RUPERT ST,49.248728,-123.033681
65XX BROOKS ST,49.224707,-123.035142
18XX E 47TH AVE,49.227637,-123.068421
33XX GARDEN DR,49.255020,-123.058242
7XX HOMER ST,49.279464,-123.116891
ALMA ST / W BROADWAY AVE,49.264368,-123.185858
BLENHEIM ST / W 5TH AVE,49.267377,-123.159948
31XX W 4TH AVE,49.268432,-123.173905
35XX BELLA VISTA ST,49.253438,-123.070492
24XX STEPHENS ST,49.264920,-123.166490
9XX RAYMUR AVE,49.275864,-123.082617
2XX N BOUNDARY RD,49.286493,-123.023269
27XX E PENDER ST,49.280200,-123.049191
66XX LAUREL ST,49.226290,-123.125173
9XX BROUGHTON ST,49.286860,-123.131515
11XX BROUGHTON ST,49.284698,-123.134771
JOYCE ST / SCHOOL AVE,49.233113,-123.037480
HARWOOD ST / THURLOW ST,49.278984,-123.133329
ALEXANDER ST / MAIN ST,49.284096,-123.099504
16XX ALBERNI ST,49.290200,-123.131333
26XX GRANT ST,49.271364,-123.052083
CAROLINA ST / E BROADWAY AVE,49.262450,-123.091047
17XX KASLO ST,49.269746,-123.046964
COMMERCIAL DR / NAPIER ST,49.274854,-123.069523
PINE ST / W 7TH AVE,49.265434,-123.143328
57XX ST MARGARETS ST,49.232830,-123.056563
16XX SALT ST,49.271404,-123.106030
8XX W 13TH AVE,49.259569,-123.121419
52XX CHESTER ST,49.237809,-123.089181
27XX OXFORD ST,49.285666,-123.030704
7XX E 32ND AVE,49.241678,-123.089542
33XX DUMFRIES ST,49.255637,-123.072811
4XX W 2ND AVE,49.267452,-123.113053
E 41ST AVE / MAIN ST,49.233043,-123.101514
23XX E 28TH AVE,49.245788,-123.058564
76XX ELLIOTT ST,49.215404,-123.054077
34XX CROWLEY DR,49.237406,-123.032500
20XX E 45TH AVE,49.229435,-123.064764
4XX W 48TH AVE,49.226972,-123.115501
9XX W 6TH AVE,49.265953,-123.124170
1XX W 44TH AVE,49.230379,-123.106433
12XX W 12TH AVE,49.260653,-123.131574
BEACH AVE / THURLOW ST,49.277619,-123.135432
47XX GOTHARD ST,49.242495,-123.053070
20XX W 41ST AVE,49.234627,-123.152711
21XX W 53RD AVE,49.222817,-123.155272
34XX E 49TH AVE,49.224653,-123.032192
34XX E 48TH AVE,49.225208,-123.030745
13XX CARTWRIGHT ST,49.269794,-123.133869
5XX STANLEY PARK DR,49.296977,-123.135411
6XX ATLANTIC ST,49.275771,-123.091753
57XX FLEMING ST,49.232731,-123.072866
ABBOTT ST / KEEFER PL,49.279687,-123.107600
38XX CARTIER ST,49.251931,-123.136661
17XX E 46TH AVE,49.228549,-123.064885
6XX PACIFIC ST,49.274618,-123.128620
59XX BATTISON ST,49.230197,-123.030537
SLOCAN ST / VENABLES ST,49.276624,-123.049356
19XX MANITOBA ST,49.266939,-123.106654
80XX ANGUS DR,49.213318,-123.148468
8XX THURLOW ST,49.284599,-123.124805
51XX CAMBIE ST,49.239050,-123.116510
NAPIER ST / PENTICTON ST,49.274967,-123.052000
6XX W 17TH AVE,49.256062,-123.118062
LARCH ST / W 1ST AVE,49.270941,-123.162140
1XX TAMATH CRES,49.235038,-123.199996
29XX E 3RD AVE,49.267574,-123.043383
30XX W 5TH AVE,49.267548,-123.172360
41XX W 12TH AVE,49.261812,-123.197137
24XX NAPIER ST,49.274956,-123.036229
CHILCO ST / ROBSON ST,49.293385,-123.138393
18XX E 15TH AVE,49.256807,-123.067747
17XX E 15TH AVE,49.256366,-123.070136
26XX E 18TH AVE,49.254044,-123.052290
CAMBIE ST / W 59TH AVE,49.216952,-123.116688
ODLUM DR / PARKER ST,49.275858,-123.075860
34XX E 26TH AVE,49.247075,-123.031053
16XX PENDRELL ST,49.286874,-123.139150
9XX E 52ND AVE,49.222665,-123.086604
23XX W 47TH AVE,49.229045,-123.160213
7XX W 27TH AVE,49.247067,-123.118288
21XX W 13TH AVE,49.260056,-123.153175
33XX E 29TH AVE,49.244446,-123.100826
7XX W 24TH AVE,49.250076,-123.120428
33XX E 6TH AVE,49.264741,-123.034164
8XX W 27TH AVE,49.247067,-123.118288
8XX E 18TH AVE,49.254592,-123.087439
23XX E HASTINGS ST,49.281172,-123.057947
2XX E PENDER ST,49.280376,-123.099694
ALBERNI ST / THURLOW ST,49.285313,-123.123754
17XX SE MARINE DR,49.210936,-123.071118
24XX PENTICTON ST,49.262956,-123.052149
CAMPBELL AVE / E GEORGIA ST,49.278287,-123.084935
30XX W 2ND AVE,49.270196,-123.172149
6XX W 54TH AVE,49.221798,-123.118934
6XX E 6TH AVE,49.265087,-123.090047
9XX JERVIS ST,49.285986,-123.129711
9XX E KENT S AVE,49.207925,-123.091228
8XX E 15TH AVE,49.257067,-123.087125
46XX CAMBIE ST,49.241586,-123.113480
19XX W 13TH AVE,49.259980,-123.148128
E 13TH AVE / QUEBEC ST,49.259330,-123.103121
26XX PRINCE ALBERT ST,49.261397,-123.087183
5XX W 8TH AVE,49.264103,-123.115009
17XX WALLACE ST,49.262666,-123.190858
3XX JERVIS ST,49.290050,-123.123955
HAWKS AVE / PRIOR ST,49.276544,-123.087331
13XX E 64TH AVE,49.211949,-123.079987
78XX HEATHER ST,49.214316,-123.123975
41XX W 14TH AVE,49.259994,-123.197057
17XX E HASTINGS ST,49.281155,-123.070382
12XX BROUGHTON ST,49.283701,-123.136282
12XX NELSON ST,49.283939,-123.130272
25XX SW MARINE DR,49.223772,-123.163516
34XX TERRA VITA PL,49.277049,-123.030677
42XX WELWYN ST,49.247367,-123.069922
6XX QUEBEC ST,49.279184,-123.102158
59XX HUDSON ST,49.232438,-123.134868
16XX E 11TH AVE,49.260468,-123.071684
6XX W CORDOVA ST,49.285501,-123.112149
36XX NAPIER ST,49.274944,-123.026213
29XX WOODLAND DR,49.258508,-123.073378
23XX W 22ND AVE,49.252652,-123.157973
32XX E 24TH AVE,49.248755,-123.036448
33XX PRICE ST,49.244127,-123.034251
32XX FINDLAY ST,49.256285,-123.067844
11XX LILLOOET ST,49.274663,-123.038867
87XX OSLER ST,49.234547,-123.130316
5XX COMMODORE RD,49.266932,-123.117287
16XX W 14TH AVE,49.258987,-123.143445
9XX E 31ST AVE,49.242509,-123.086044
E 34TH AVE / VICTORIA DR,49.239241,-123.065358
33XX HEATHER ST,49.256150,-123.120133
MANITOBA ST / SW MARINE DR,49.212128,-123.109981
33XX RENFREW ST,49.254482,-123.044322
RAYMUR AVE / UNION ST,49.277360,-123.082590
HEMLOCK ST / W 8TH AVE,49.264474,-123.136060
16XX CHESTNUT ST,49.271537,-123.146398
15XX W 12TH AVE,49.260781,-123.138790
61XX MACDONALD ST,49.248573,-123.167884
BURRARD ST / W 7TH AVE,49.265462,-123.145694
19XX W 8TH AVE,49.264659,-123.147892
27XX W 39TH AVE,49.236576,-123.165677
E 28TH AVE / FRASER ST,49.245562,-123.090228
36XX MEARES AVE,49.220587,-123.025764
41XX W 16TH AVE,49.258066,-123.200174
E 47TH AVE / FRASER ST,49.227345,-123.090705
27XX BURRARD ST,49.261391,-123.145832
28XX E 1ST AVE,49.269054,-123.045933
31XX E 8TH AVE,49.262937,-123.039163
4XX E 52ND AVE,49.222703,-123.094922
GRANVILLE ST / W HASTINGS ST,49.285305,-123.113863
25XX POINT GREY RD,49.273571,-123.162165
SASAMAT ST / W 16TH AVE,49.258236,-123.209292
23XX GARDEN DR,49.264029,-123.058101
E 54TH AVE / QUEBEC ST,49.221109,-123.103962
26XX YORK AVE,49.271856,-123.164302
37XX W 24TH AVE,49.251051,-123.186660
1XX E 42ND AVE,49.231707,-123.103584
35XX COPLEY ST,49.251707,-123.057301
40XX SI LU DR,49.227072,-123.192006
31XX E 7TH AVE,49.263836,-123.038958
7XX E BROADWAY AVE,49.262429,-123.089118
1XX W 62ND AVE,49.214209,-123.108362
E PENDER ST / HEATLEY AVE,49.280212,-123.089628
36XX NORMANDY DR,49.251481,-123.026139
25XX HEATHER ST,49.263291,-123.119857
78XX YUKON ST,49.245154,-123.112332
50XX VICTORIA DR,49.238916,-123.065347
10XX WINDERMERE ST,49.275778,-123.036314
86XX HUDSON ST,49.208524,-123.134591
48XX SOPHIA ST,49.242137,-123.098733
35XX MAIN ST,49.253924,-123.100853
11XX W 10TH AVE,49.262482,-123.128896
W 4TH AVE / WATERLOO ST,49.268550,-123.179700
19XX E 12TH AVE,49.259513,-123.065195
86XX OAK ST,49.208387,-123.130238
35XX TRIUMPH ST,49.283851,-123.028074
1XX W 7TH AVE,49.264759,-123.109306
14XX W 49TH AVE,49.226848,-123.137344
16XX E GEORGIA ST,49.278496,-123.072612
COMOX ST / DENMAN ST,49.288694,-123.139674
13XX E 1ST AVE,49.269669,-123.077215
14XX E 10TH AVE,49.261426,-123.075535
13XX ADANAC ST,49.277625,-123.077021
27XX E 1ST AVE,49.269397,-123.049599
72XX DUMFRIES ST,49.218991,-123.075453
14XX W 7TH AVE,49.265297,-123.135849
30XX HORLEY ST,49.238403,-123.043542
18XX PARKER ST,49.275733,-123.067460
35XX KNIGHT ST,49.253524,-123.075899
24XX W 13TH AVE,49.260165,-123.160051
13XX CHESS ST,49.272762,-123.086625
52XX EAST BLVD,49.239187,-123.154851
5XX W 62ND AVE,49.214109,-123.117133
57XX MARGUERITE ST,49.234332,-123.144724
7XX W 60TH AVE,49.216015,-123.120117
20XX KINGSWAY AVE,49.245160,-123.065301
EXPO BLVD / SMITHE ST,49.275771,-123.114726
ABBOTT ST / W CORDOVA ST,49.282952,-123.106752
43XX WATSON ST,49.246626,-123.100522
DAVIE ST / THURLOW ST,49.280393,-123.131197
12XX E 60TH AVE,49.215522,-123.081678
21XX PRINCE EDWARD ST,49.266206,-123.095563
26XX E 23RD AVE,49.249340,-123.062682
E CORDOVA ST / PRINCESS AVE,49.282143,-123.091457
FRENCH ST / W 72ND AVE,49.205815,-123.139297
45XX RUPERT ST,49.244387,-123.034215
43XX BEATRICE ST,49.246616,-123.066476
16XX E 33RD AVE,49.240126,-123.072712
46XX ROSS ST,49.243265,-123.081346
1XX E 7TH AVE,49.264617,-123.102818
3XX RICHARDS ST,49.284376,-123.111367
BURRARD ST / DUNSMUIR ST,49.285546,-123.119395
18XX VICTORIA DVRS,49.282729,-123.120738
7XX W 70TH AVE,49.208237,-123.120537
39XX W 19TH AVE,49.255600,-123.190932
3XX HAWKS AVE,49.282057,-123.087117
1XX RENFREW ST,49.284009,-123.044084
48XX OSLER ST,49.242532,-123.130047
69XX NANAIMO ST,49.221392,-123.059320
GORE AVE / PRIOR ST,49.276703,-123.096840
36XX OXFORD ST,49.285650,-123.025814
HOWE ST / PACIFIC ST,49.275632,-123.130455
42XX OAK ST,49.248894,-123.127063
68XX BROOKS ST,49.221844,-123.035271
64XX NANAIMO ST,49.225733,-123.059100
27XX E 56TH AVE,49.218930,-123.052675
44XX JAMES ST,49.245945,-123.103792
33XX SEAFORTH DR,49.253137,-123.032850
MANITOBA ST / W 2ND AVE,49.269266,-123.106578
26XX WALL ST,49.291660,-123.051818
20XX E 25TH AVE,49.248115,-123.060488
65XX HEATHER ST,49.226372,-123.123585
15XX W 71ST AVE,49.207062,-123.140669
4XX THURLOW ST,49.287907,-123.119811
63XX TYNE ST,49.226402,-123.032151
3XX E 64TH AVE,49.212590,-123.100299
FRANCES ST / MCLEAN DR,49.279445,-123.074147
61XX FLEMING ST,49.229040,-123.072986
37XX W 37TH AVE,49.238295,-123.186825
22XX SEMLIN DR,49.265088,-123.063894
4XX PENTICTON ST,49.281199,-123.051920
21XX CASSIAR ST,49.265653,-123.031006
12XX GARDEN DR,49.273818,-123.057922
18XX SEMLIN DR,49.268614,-123.063812
13XX JOHNSTON ST,49.270291,-123.132893
4XX UNION ST,49.277589,-123.095445
45XX PICTON ST,49.243911,-123.039668
35XX WELWYN ST,49.253432,-123.069326
32XX COMMERCIAL DR,49.256243,-123.069722
47XX COMMERCIAL ST,49.242866,-123.068000
22XX PANDORA ST,49.282961,-123.059627
26XX GRANDVIEW HWY S,49.257484,-123.052973
13XX E 13TH AVE,49.258721,-123.077810
32XX W 31ST AVE,49.244217,-123.175750
MACDONALD ST / W BROADWAY AVE,49.264081,-123.168219
25XX E PENDER ST,49.280214,-123.054678
83XX ELLIOTT ST,49.208431,-123.056208
58XX CHESTER ST,49.231975,-123.089185
1XX E 35TH AVE,49.239085,-123.103300
36XX E PENDER ST,49.280201,-123.025833
21XX DUNDAS ST,49.284806,-123.061539
HEATHER ST / W 8TH AVE,49.264216,-123.119836
PANDORA ST / SKEENA ST,49.282958,-123.028315
27XX E 49TH AVE,49.224594,-123.051942
24XX ADANAC ST,49.277456,-123.056574
35XX MAYFAIR AVE,49.236920,-123.184749
53XX DUNBAR ST,49.238588,-123.185279
3XX E 40TH AVE,49.234447,-123.099382
16XX VENABLES ST,49.276707,-123.072703
53XX CECIL ST,49.236875,-123.034677
16XX E 3RD AVE,49.267816,-123.072166
W 6TH AVE / YUKON ST,49.265737,-123.112786
25XX W 18TH AVE,49.256364,-123.162554
10XX PACIFIC ST,49.276992,-123.132430
29XX HORLEY ST,49.239218,-123.045545
CROWLEY DR / TYNE ST,49.236237,-123.029739
33XX KASLO ST,49.255413,-123.047013
80XX SPINNAKER PL,49.212317,-123.031806
E 6TH AVE / NANAIMO ST,49.264801,-123.056600
75XX CARNARVON ST,49.223472,-123.172892
13XX GRAVELEY ST,49.270543,-123.077189
66XX BERKELEY ST,49.223931,-123.057667
